<?xml version="1.0" encoding="UTF-8"?>
<Dashboard xmlns="http://soap.sforce.com/2006/04/metadata">
    <backgroundEndColor>#FFFFFF</backgroundEndColor>
    <backgroundFadeDirection>Diagonal</backgroundFadeDirection>
    <backgroundStartColor>#FFFFFF</backgroundStartColor>
    <chartTheme>dark</chartTheme>
    <colorPalette>unity</colorPalette>
    <dashboardChartTheme>dark</dashboardChartTheme>
    <dashboardColorPalette>unity</dashboardColorPalette>
    <dashboardFilters>
        <dashboardFilterOptions>
            <operator>equals</operator>
            <values>TODAY</values>
        </dashboardFilterOptions>
        <dashboardFilterOptions>
            <operator>equals</operator>
            <values>LAST_N_DAYS:3</values>
        </dashboardFilterOptions>
        <dashboardFilterOptions>
            <operator>equals</operator>
            <values>LAST_N_DAYS:7</values>
        </dashboardFilterOptions>
        <dashboardFilterOptions>
            <operator>equals</operator>
            <values>LAST_N_DAYS:14</values>
        </dashboardFilterOptions>
        <dashboardFilterOptions>
            <operator>equals</operator>
            <values>LAST_N_DAYS:30</values>
        </dashboardFilterOptions>
        <dashboardFilterOptions>
            <operator>equals</operator>
            <values>LAST_N_DAYS:60</values>
        </dashboardFilterOptions>
        <dashboardFilterOptions>
            <operator>equals</operator>
            <values>LAST_90_DAYS</values>
        </dashboardFilterOptions>
        <name>Timestamp</name>
    </dashboardFilters>
    <dashboardFilters>
        <dashboardFilterOptions>
            <operator>equals</operator>
            <values>ERROR</values>
        </dashboardFilterOptions>
        <dashboardFilterOptions>
            <operator>equals</operator>
            <values>ERROR,WARN</values>
        </dashboardFilterOptions>
        <dashboardFilterOptions>
            <operator>equals</operator>
            <values>ERROR,WARN,INFO</values>
        </dashboardFilterOptions>
        <dashboardFilterOptions>
            <operator>equals</operator>
            <values>ERROR,WARN,INFO,DEBUG</values>
        </dashboardFilterOptions>
        <dashboardFilterOptions>
            <operator>equals</operator>
            <values>ERROR,WARN,INFO,DEBUG,FINE</values>
        </dashboardFilterOptions>
        <dashboardFilterOptions>
            <operator>equals</operator>
            <values>ERROR,WARN,INFO,DEBUG,FINE,FINER</values>
        </dashboardFilterOptions>
        <name>Logging Level</name>
    </dashboardFilters>
    <dashboardFilters>
        <dashboardFilterOptions>
            <operator>equals</operator>
            <values>Apex</values>
        </dashboardFilterOptions>
        <dashboardFilterOptions>
            <operator>equals</operator>
            <values>Component</values>
        </dashboardFilterOptions>
        <dashboardFilterOptions>
            <operator>equals</operator>
            <values>Flow</values>
        </dashboardFilterOptions>
        <name>Origin Type</name>
    </dashboardFilters>
    <dashboardGridLayout>
        <dashboardGridComponents>
            <colSpan>8</colSpan>
            <columnIndex>0</columnIndex>
            <dashboardComponent>
                <autoselectColumnsFromReport>true</autoselectColumnsFromReport>
                <chartAxisRange>Auto</chartAxisRange>
                <componentType>Bar</componentType>
                <dashboardFilterColumns>
                    <column>LogEntry__c.Timestamp__c</column>
                </dashboardFilterColumns>
                <dashboardFilterColumns>
                    <column>LogEntry__c.LoggingLevel__c</column>
                </dashboardFilterColumns>
                <dashboardFilterColumns>
                    <column>LogEntry__c.OriginType__c</column>
                </dashboardFilterColumns>
                <displayUnits>Auto</displayUnits>
                <drillEnabled>false</drillEnabled>
                <drillToDetailEnabled>false</drillToDetailEnabled>
                <enableHover>false</enableHover>
                <expandOthers>false</expandOthers>
                <groupingSortProperties/>
                <header>Log Entry Daily Summary</header>
                <report>LogReports/LogEntryDailySummary</report>
                <showPercentage>false</showPercentage>
                <showPicturesOnCharts>false</showPicturesOnCharts>
                <showValues>false</showValues>
                <sortBy>RowLabelAscending</sortBy>
                <useReportChart>true</useReportChart>
            </dashboardComponent>
            <rowIndex>0</rowIndex>
            <rowSpan>9</rowSpan>
        </dashboardGridComponents>
        <dashboardGridComponents>
            <colSpan>4</colSpan>
            <columnIndex>8</columnIndex>
            <dashboardComponent>
                <autoselectColumnsFromReport>false</autoselectColumnsFromReport>
                <chartAxisRange>Auto</chartAxisRange>
                <chartSummary>
                    <axisBinding>y</axisBinding>
                    <column>RowCount</column>
                </chartSummary>
                <componentType>Donut</componentType>
                <dashboardFilterColumns>
                    <column>FK_$LogEntry__c.Timestamp__c</column>
                </dashboardFilterColumns>
                <dashboardFilterColumns>
                    <column>FK_$LogEntry__c.LoggingLevel__c</column>
                </dashboardFilterColumns>
                <dashboardFilterColumns>
                    <column>FK_$LogEntry__c.OriginType__c</column>
                </dashboardFilterColumns>
                <decimalPrecision>-1</decimalPrecision>
                <displayUnits>Auto</displayUnits>
                <drillEnabled>false</drillEnabled>
                <drillToDetailEnabled>false</drillToDetailEnabled>
                <enableHover>false</enableHover>
                <expandOthers>false</expandOthers>
                <groupingColumn>CUST_NAME</groupingColumn>
                <groupingSortProperties>
                    <groupingSorts>
                        <groupingLevel>g1</groupingLevel>
                        <sortColumn>RowCount</sortColumn>
                        <sortOrder>d</sortOrder>
                    </groupingSorts>
                </groupingSortProperties>
                <header>Log Entry Tag Details</header>
                <legendPosition>Right</legendPosition>
                <maxValuesDisplayed>20</maxValuesDisplayed>
                <report>LogReports/LogEntryTagDetails</report>
                <showPercentage>true</showPercentage>
                <showTotal>true</showTotal>
                <showValues>true</showValues>
                <sortBy>RowLabelAscending</sortBy>
                <useReportChart>false</useReportChart>
            </dashboardComponent>
            <rowIndex>0</rowIndex>
            <rowSpan>9</rowSpan>
        </dashboardGridComponents>
        <dashboardGridComponents>
            <colSpan>8</colSpan>
            <columnIndex>0</columnIndex>
            <dashboardComponent>
                <autoselectColumnsFromReport>false</autoselectColumnsFromReport>
                <chartAxisRange>Auto</chartAxisRange>
                <chartSummary>
                    <axisBinding>y</axisBinding>
                    <column>RowCount</column>
                </chartSummary>
                <componentType>Bar</componentType>
                <dashboardFilterColumns>
                    <column>LogEntry__c.Timestamp__c</column>
                </dashboardFilterColumns>
                <dashboardFilterColumns>
                    <column>LogEntry__c.LoggingLevel__c</column>
                </dashboardFilterColumns>
                <dashboardFilterColumns>
                    <column>LogEntry__c.OriginType__c</column>
                </dashboardFilterColumns>
                <decimalPrecision>-1</decimalPrecision>
                <displayUnits>Auto</displayUnits>
                <drillEnabled>false</drillEnabled>
                <drillToDetailEnabled>false</drillToDetailEnabled>
                <enableHover>false</enableHover>
                <expandOthers>false</expandOthers>
                <groupingColumn>LogEntry__c.Origin__c</groupingColumn>
                <groupingSortProperties>
                    <groupingSorts>
                        <groupingLevel>g1</groupingLevel>
                        <sortColumn>RowCount</sortColumn>
                        <sortOrder>d</sortOrder>
                    </groupingSorts>
                </groupingSortProperties>
                <header>Log Entry Origin Summary</header>
                <legendPosition>Bottom</legendPosition>
                <report>LogReports/LogEntryOriginSummary</report>
                <showPercentage>false</showPercentage>
                <showPicturesOnCharts>false</showPicturesOnCharts>
                <showValues>true</showValues>
                <sortBy>RowLabelAscending</sortBy>
                <useReportChart>false</useReportChart>
            </dashboardComponent>
            <rowIndex>9</rowIndex>
            <rowSpan>12</rowSpan>
        </dashboardGridComponents>
        <dashboardGridComponents>
            <colSpan>4</colSpan>
            <columnIndex>8</columnIndex>
            <dashboardComponent>
                <autoselectColumnsFromReport>false</autoselectColumnsFromReport>
                <componentType>FlexTable</componentType>
                <dashboardFilterColumns>
                    <column>LogEntry__c.Timestamp__c</column>
                </dashboardFilterColumns>
                <dashboardFilterColumns>
                    <column>LogEntry__c.LoggingLevel__c</column>
                </dashboardFilterColumns>
                <dashboardFilterColumns>
                    <column>LogEntry__c.OriginType__c</column>
                </dashboardFilterColumns>
                <flexComponentProperties>
                    <decimalPrecision>-1</decimalPrecision>
                    <flexTableColumn>
                        <reportColumn>Log__c.LoggedByUsernameLink__c</reportColumn>
                        <showSubTotal>true</showSubTotal>
                        <showTotal>true</showTotal>
                        <type>grouping</type>
                    </flexTableColumn>
                    <flexTableColumn>
                        <reportColumn>LogEntry__c.LoggingLevel__c</reportColumn>
                        <showSubTotal>true</showSubTotal>
                        <showTotal>true</showTotal>
                        <type>grouping</type>
                    </flexTableColumn>
                    <flexTableColumn>
                        <reportColumn>RowCount</reportColumn>
                        <showSubTotal>true</showSubTotal>
                        <showTotal>true</showTotal>
                        <type>aggregate</type>
                    </flexTableColumn>
                    <flexTableSortInfo>
                        <sortOrder>1</sortOrder>
                    </flexTableSortInfo>
                    <hideChatterPhotos>true</hideChatterPhotos>
                </flexComponentProperties>
                <groupingSortProperties>
                    <groupingSorts>
                        <groupingLevel>g1</groupingLevel>
                        <sortColumn>RowCount</sortColumn>
                        <sortOrder>d</sortOrder>
                    </groupingSorts>
                    <groupingSorts>
                        <groupingLevel>g2</groupingLevel>
                        <sortOrder>a</sortOrder>
                    </groupingSorts>
                </groupingSortProperties>
                <header>Log Entry Summary</header>
                <report>LogReports/LogEntrySummary</report>
            </dashboardComponent>
            <rowIndex>9</rowIndex>
            <rowSpan>12</rowSpan>
        </dashboardGridComponents>
        <dashboardGridComponents>
            <colSpan>8</colSpan>
            <columnIndex>0</columnIndex>
            <dashboardComponent>
                <autoselectColumnsFromReport>true</autoselectColumnsFromReport>
                <chartAxisRange>Auto</chartAxisRange>
                <componentType>Bar</componentType>
                <dashboardFilterColumns>
                    <column>LogEntry__c.Timestamp__c</column>
                </dashboardFilterColumns>
                <dashboardFilterColumns>
                    <column>LogEntry__c.LoggingLevel__c</column>
                </dashboardFilterColumns>
                <dashboardFilterColumns>
                    <column>LogEntry__c.OriginType__c</column>
                </dashboardFilterColumns>
                <displayUnits>Auto</displayUnits>
                <drillEnabled>false</drillEnabled>
                <drillToDetailEnabled>false</drillToDetailEnabled>
                <enableHover>false</enableHover>
                <expandOthers>false</expandOthers>
                <groupingSortProperties/>
                <header>Log Entry Daily Retention Summary</header>
                <report>LogReports/LogEntryDailyRetentionSummary</report>
                <showPercentage>false</showPercentage>
                <showPicturesOnCharts>false</showPicturesOnCharts>
                <showValues>false</showValues>
                <sortBy>RowLabelAscending</sortBy>
                <useReportChart>true</useReportChart>
            </dashboardComponent>
            <rowIndex>21</rowIndex>
            <rowSpan>10</rowSpan>
        </dashboardGridComponents>
        <dashboardGridComponents>
            <colSpan>4</colSpan>
            <columnIndex>8</columnIndex>
            <dashboardComponent>
                <autoselectColumnsFromReport>true</autoselectColumnsFromReport>
                <chartAxisRange>Auto</chartAxisRange>
                <componentType>Bar</componentType>
                <dashboardFilterColumns>
                    <column>LogEntry__c.Timestamp__c</column>
                </dashboardFilterColumns>
                <dashboardFilterColumns>
                    <column>LogEntry__c.LoggingLevel__c</column>
                </dashboardFilterColumns>
                <dashboardFilterColumns>
                    <column>LogEntry__c.OriginType__c</column>
                </dashboardFilterColumns>
                <displayUnits>Auto</displayUnits>
                <drillEnabled>false</drillEnabled>
                <drillToDetailEnabled>false</drillToDetailEnabled>
                <enableHover>false</enableHover>
                <expandOthers>false</expandOthers>
                <groupingSortProperties/>
                <header>Log Entry Scenario Summary</header>
                <report>LogReports/LogEntryScenarioSummary</report>
                <showPercentage>false</showPercentage>
                <showPicturesOnCharts>false</showPicturesOnCharts>
                <showValues>false</showValues>
                <sortBy>RowLabelAscending</sortBy>
                <useReportChart>true</useReportChart>
            </dashboardComponent>
            <rowIndex>21</rowIndex>
            <rowSpan>10</rowSpan>
        </dashboardGridComponents>
        <numberOfColumns>12</numberOfColumns>
        <rowHeight>36</rowHeight>
    </dashboardGridLayout>
    <dashboardType>SpecifiedUser</dashboardType>
    <isGridLayout>true</isGridLayout>
    <owner>test-dsv8akfwvxlw@example.com</owner>
    <runningUser>test-dsv8akfwvxlw@example.com</runningUser>
    <textColor>#000000</textColor>
    <title>Logger Admin Dashboard</title>
    <titleColor>#000000</titleColor>
    <titleSize>12</titleSize>
</Dashboard>
