<?xml version="1.0" encoding="UTF-8"?>
<CustomField xmlns="http://soap.sforce.com/2006/04/metadata">
    <fullName>ComparisonValue__c</fullName>
    <businessStatus>Active</businessStatus>
    <complianceGroup>None</complianceGroup>
    <deprecated>false</deprecated>
    <fieldManageability>SubscriberControlled</fieldManageability>
    <label>Comparison Value</label>
    <length>32768</length>
    <securityClassification>Confidential</securityClassification>
    <type>LongTextArea</type>
    <visibleLines>3</visibleLines>
</CustomField>
