<?xml version="1.0" encoding="UTF-8"?>
<CustomField xmlns="http://soap.sforce.com/2006/04/metadata">
    <fullName>ComparisonType__c</fullName>
    <businessStatus>Active</businessStatus>
    <complianceGroup>None</complianceGroup>
    <deprecated>false</deprecated>
    <fieldManageability>SubscriberControlled</fieldManageability>
    <label>Comparison Type</label>
    <required>true</required>
    <securityClassification>Confidential</securityClassification>
    <type>Picklist</type>
    <valueSet>
        <restricted>true</restricted>
        <valueSetDefinition>
            <sorted>false</sorted>
            <value>
                <fullName>CONTAINS</fullName>
                <default>true</default>
                <label>CONTAINS</label>
            </value>
            <value>
                <fullName>EQUALS</fullName>
                <default>false</default>
                <label>EQUALS</label>
            </value>
            <value>
                <fullName>MATCHES_REGEX</fullName>
                <default>false</default>
                <label>MATCHES_REGEX</label>
            </value>
            <value>
                <fullName>STARTS_WITH</fullName>
                <default>false</default>
                <label>STARTS_WITH</label>
            </value>
        </valueSetDefinition>
    </valueSet>
</CustomField>
