<?xml version="1.0" encoding="UTF-8"?>
<CustomField xmlns="http://soap.sforce.com/2006/04/metadata">
    <fullName>Tags__c</fullName>
    <businessStatus>Active</businessStatus>
    <complianceGroup>None</complianceGroup>
    <deprecated>false</deprecated>
    <description>1 or more tags to assign - each tag should be listed on a separate line</description>
    <fieldManageability>SubscriberControlled</fieldManageability>
    <inlineHelpText>1 or more tags to assign - each tag should be listed on a separate line</inlineHelpText>
    <label>Tag(s) to Apply</label>
    <length>32768</length>
    <securityClassification>Confidential</securityClassification>
    <type>LongTextArea</type>
    <visibleLines>5</visibleLines>
</CustomField>
