<?xml version="1.0" encoding="UTF-8"?>
<CompactLayout xmlns="http://soap.sforce.com/2006/04/metadata">
    <fullName>LogEntryCompactLayout</fullName>
    <fields>Name</fields>
    <fields>Log__c</fields>
    <fields>LoggedByUsernameLink__c</fields>
    <fields>Timestamp__c</fields>
    <fields>LoggingLevel__c</fields>
    <fields>LogTransactionId__c</fields>
    <fields>TransactionEntryNumber__c</fields>
    <fields>EventUuid__c</fields>
    <label>Log Entry Compact Layout</label>
</CompactLayout>
