<?xml version="1.0" encoding="UTF-8"?>
<CustomApplication xmlns="http://soap.sforce.com/2006/04/metadata">
    <actionOverrides>
        <actionName>Tab</actionName>
        <content>LoggerHomePage</content>
        <formFactor>Large</formFactor>
        <skipRecordTypeSelect>false</skipRecordTypeSelect>
        <type>Flexipage</type>
        <pageOrSobjectType>standard-home</pageOrSobjectType>
    </actionOverrides>
    <brand>
        <headerColor>#1E1E1E</headerColor>
        <shouldOverrideOrgTheme>true</shouldOverrideOrgTheme>
    </brand>
    <description>View and manage log data</description>
    <formFactors>Small</formFactors>
    <formFactors>Large</formFactors>
    <isNavAutoTempTabsDisabled>false</isNavAutoTempTabsDisabled>
    <isNavPersonalizationDisabled>false</isNavPersonalizationDisabled>
    <isNavTabPersistenceDisabled>false</isNavTabPersistenceDisabled>
    <isOmniPinnedViewEnabled>false</isOmniPinnedViewEnabled>
    <label>CFS Logger</label>
    <navType>Console</navType>
    <tabs>standard-home</tabs>
    <tabs>LoggerScenario__c</tabs>
    <tabs>Log__c</tabs>
    <tabs>LogEntry__c</tabs>
    <tabs>LogEntryTag__c</tabs>
    <tabs>LoggerTag__c</tabs>
    <tabs>standard-WaveHomeLightning</tabs>
    <tabs>standard-report</tabs>
    <tabs>standard-Dashboard</tabs>
    <uiType>Lightning</uiType>
    <utilityBar>LoggerConsoleUtilityBar</utilityBar>
    <workspaceConfig>
        <mappings>
            <fieldName>LogEntry__c</fieldName>
            <tab>LogEntryTag__c</tab>
        </mappings>
        <mappings>
            <fieldName>Log__c</fieldName>
            <tab>LogEntry__c</tab>
        </mappings>
        <mappings>
            <tab>Log__c</tab>
        </mappings>
        <mappings>
            <tab>LoggerScenario__c</tab>
        </mappings>
        <mappings>
            <tab>LoggerTag__c</tab>
        </mappings>
        <mappings>
            <tab>standard-Dashboard</tab>
        </mappings>
        <mappings>
            <tab>standard-WaveHomeLightning</tab>
        </mappings>
        <mappings>
            <tab>standard-home</tab>
        </mappings>
        <mappings>
            <tab>standard-report</tab>
        </mappings>
    </workspaceConfig>
</CustomApplication>
