<?xml version="1.0" encoding="UTF-8"?>
<ListView xmlns="http://soap.sforce.com/2006/04/metadata">
    <fullName>AllEnabled</fullName>
    <columns>MasterLabel</columns>
    <columns>DeveloperName</columns>
    <columns>IsEnabled__c</columns>
    <columns>SObjectType__c</columns>
    <columns>SObjectField__c</columns>
    <columns>ComparisonType__c</columns>
    <columns>ComparisonValue__c</columns>
    <columns>Tags__c</columns>
    <filterScope>Everything</filterScope>
    <filters>
        <field>IsEnabled__c</field>
        <operation>equals</operation>
        <value>1</value>
    </filters>
    <label>All Enabled</label>
</ListView>
