<?xml version="1.0" encoding="UTF-8"?>
<CustomObject xmlns="http://soap.sforce.com/2006/04/metadata">
    <actionOverrides>
        <actionName>Accept</actionName>
        <type>Default</type>
    </actionOverrides>
    <actionOverrides>
        <actionName>Accept</actionName>
        <formFactor>Large</formFactor>
        <type>Default</type>
    </actionOverrides>
    <actionOverrides>
        <actionName>Accept</actionName>
        <formFactor>Small</formFactor>
        <type>Default</type>
    </actionOverrides>
    <actionOverrides>
        <actionName>CancelEdit</actionName>
        <type>Default</type>
    </actionOverrides>
    <actionOverrides>
        <actionName>CancelEdit</actionName>
        <formFactor>Large</formFactor>
        <type>Default</type>
    </actionOverrides>
    <actionOverrides>
        <actionName>CancelEdit</actionName>
        <formFactor>Small</formFactor>
        <type>Default</type>
    </actionOverrides>
    <actionOverrides>
        <actionName>Clone</actionName>
        <type>Default</type>
    </actionOverrides>
    <actionOverrides>
        <actionName>Clone</actionName>
        <formFactor>Large</formFactor>
        <type>Default</type>
    </actionOverrides>
    <actionOverrides>
        <actionName>Clone</actionName>
        <formFactor>Small</formFactor>
        <type>Default</type>
    </actionOverrides>
    <actionOverrides>
        <actionName>Delete</actionName>
        <type>Default</type>
    </actionOverrides>
    <actionOverrides>
        <actionName>Delete</actionName>
        <formFactor>Large</formFactor>
        <type>Default</type>
    </actionOverrides>
    <actionOverrides>
        <actionName>Delete</actionName>
        <formFactor>Small</formFactor>
        <type>Default</type>
    </actionOverrides>
    <actionOverrides>
        <actionName>Edit</actionName>
        <type>Default</type>
    </actionOverrides>
    <actionOverrides>
        <actionName>Edit</actionName>
        <formFactor>Large</formFactor>
        <type>Default</type>
    </actionOverrides>
    <actionOverrides>
        <actionName>Edit</actionName>
        <formFactor>Small</formFactor>
        <type>Default</type>
    </actionOverrides>
    <actionOverrides>
        <actionName>List</actionName>
        <type>Default</type>
    </actionOverrides>
    <actionOverrides>
        <actionName>List</actionName>
        <formFactor>Large</formFactor>
        <type>Default</type>
    </actionOverrides>
    <actionOverrides>
        <actionName>List</actionName>
        <formFactor>Small</formFactor>
        <type>Default</type>
    </actionOverrides>
    <actionOverrides>
        <actionName>New</actionName>
        <type>Default</type>
    </actionOverrides>
    <actionOverrides>
        <actionName>New</actionName>
        <formFactor>Large</formFactor>
        <type>Default</type>
    </actionOverrides>
    <actionOverrides>
        <actionName>New</actionName>
        <formFactor>Small</formFactor>
        <type>Default</type>
    </actionOverrides>
    <actionOverrides>
        <actionName>SaveEdit</actionName>
        <type>Default</type>
    </actionOverrides>
    <actionOverrides>
        <actionName>SaveEdit</actionName>
        <formFactor>Large</formFactor>
        <type>Default</type>
    </actionOverrides>
    <actionOverrides>
        <actionName>SaveEdit</actionName>
        <formFactor>Small</formFactor>
        <type>Default</type>
    </actionOverrides>
    <actionOverrides>
        <actionName>Tab</actionName>
        <type>Default</type>
    </actionOverrides>
    <actionOverrides>
        <actionName>Tab</actionName>
        <formFactor>Large</formFactor>
        <type>Default</type>
    </actionOverrides>
    <actionOverrides>
        <actionName>Tab</actionName>
        <formFactor>Small</formFactor>
        <type>Default</type>
    </actionOverrides>
    <actionOverrides>
        <actionName>View</actionName>
        <comment>Action override created by Lightning App Builder during activation.</comment>
        <content>LogEntryTagRecordPage</content>
        <formFactor>Large</formFactor>
        <skipRecordTypeSelect>false</skipRecordTypeSelect>
        <type>Flexipage</type>
    </actionOverrides>
    <actionOverrides>
        <actionName>View</actionName>
        <comment>Action override created by Lightning App Builder during activation.</comment>
        <content>LogEntryTagRecordPage</content>
        <formFactor>Small</formFactor>
        <skipRecordTypeSelect>false</skipRecordTypeSelect>
        <type>Flexipage</type>
    </actionOverrides>
    <actionOverrides>
        <actionName>View</actionName>
        <type>Default</type>
    </actionOverrides>
    <allowInChatterGroups>true</allowInChatterGroups>
    <compactLayoutAssignment>SYSTEM</compactLayoutAssignment>
    <deploymentStatus>Deployed</deploymentStatus>
    <deprecated>false</deprecated>
    <description>Used by CFS Logger as a junction object to represent a unique relationship between a LogEntry__c record and a LoggerTag__c record</description>
    <enableActivities>true</enableActivities>
    <enableBulkApi>true</enableBulkApi>
    <enableFeeds>false</enableFeeds>
    <enableHistory>true</enableHistory>
    <enableLicensing>false</enableLicensing>
    <enableReports>true</enableReports>
    <enableSearch>true</enableSearch>
    <enableSharing>true</enableSharing>
    <enableStreamingApi>true</enableStreamingApi>
    <externalSharingModel>ControlledByParent</externalSharingModel>
    <label>Log Entry Tag</label>
    <nameField>
        <displayFormat>LET-{00000}</displayFormat>
        <label>Log Entry Tag Number</label>
        <trackHistory>false</trackHistory>
        <type>AutoNumber</type>
    </nameField>
    <pluralLabel>Log Entry Tags</pluralLabel>
    <searchLayouts>
        <customTabListAdditionalFields>LogEntry__c</customTabListAdditionalFields>
        <customTabListAdditionalFields>Tag__c</customTabListAdditionalFields>
        <excludedStandardButtons>Accept</excludedStandardButtons>
        <excludedStandardButtons>PrintableListView</excludedStandardButtons>
        <excludedStandardButtons>Import</excludedStandardButtons>
        <lookupDialogsAdditionalFields>LogEntry__c</lookupDialogsAdditionalFields>
        <lookupDialogsAdditionalFields>Tag__c</lookupDialogsAdditionalFields>
        <lookupPhoneDialogsAdditionalFields>LogEntry__c</lookupPhoneDialogsAdditionalFields>
        <lookupPhoneDialogsAdditionalFields>Tag__c</lookupPhoneDialogsAdditionalFields>
        <searchFilterFields>NAME</searchFilterFields>
        <searchFilterFields>LogEntry__c</searchFilterFields>
        <searchFilterFields>Tag__c</searchFilterFields>
        <searchResultsAdditionalFields>LoggedByUsernameLink__c</searchResultsAdditionalFields>
        <searchResultsAdditionalFields>LogLink__c</searchResultsAdditionalFields>
        <searchResultsAdditionalFields>LogEntryTimestamp__c</searchResultsAdditionalFields>
        <searchResultsAdditionalFields>LogEntry__c</searchResultsAdditionalFields>
        <searchResultsAdditionalFields>LogEntryOrigin__c</searchResultsAdditionalFields>
        <searchResultsAdditionalFields>Tag__c</searchResultsAdditionalFields>
    </searchLayouts>
    <sharingModel>ControlledByParent</sharingModel>
    <visibility>Public</visibility>
</CustomObject>
