<?xml version="1.0" encoding="UTF-8"?>
<CustomField xmlns="http://soap.sforce.com/2006/04/metadata">
    <fullName>ApplyToMessage__c</fullName>
    <businessStatus>DeprecateCandidate</businessStatus>
    <complianceGroup>None</complianceGroup>
    <defaultValue>true</defaultValue>
    <deprecated>false</deprecated>
    <fieldManageability>DeveloperControlled</fieldManageability>
    <inlineHelpText>When checked, the data mask rule is applied to log entry messages (stored in LogEntryEvent__e.Message__c and LogEntry__c.Message__c)</inlineHelpText>
    <label>DEPRECATED: Apply to Message</label>
    <securityClassification>Confidential</securityClassification>
    <type>Checkbox</type>
</CustomField>
