<?xml version="1.0" encoding="UTF-8"?>
<CustomField xmlns="http://soap.sforce.com/2006/04/metadata">
    <fullName>IsEnabled__c</fullName>
    <businessStatus>Active</businessStatus>
    <complianceGroup>None</complianceGroup>
    <defaultValue>true</defaultValue>
    <deprecated>false</deprecated>
    <fieldManageability>SubscriberControlled</fieldManageability>
    <label>Is Enabled</label>
    <securityClassification>Confidential</securityClassification>
    <type>Checkbox</type>
</CustomField>
