<?xml version="1.0" encoding="UTF-8"?>
<CustomField xmlns="http://soap.sforce.com/2006/04/metadata">
    <fullName>ReplacementRegEx__c</fullName>
    <businessStatus>Active</businessStatus>
    <complianceGroup>None</complianceGroup>
    <deprecated>false</deprecated>
    <externalId>false</externalId>
    <fieldManageability>DeveloperControlled</fieldManageability>
    <label>Replacement RegEx</label>
    <length>255</length>
    <required>true</required>
    <securityClassification>Confidential</securityClassification>
    <type>Text</type>
    <unique>false</unique>
</CustomField>
