<?xml version="1.0" encoding="UTF-8"?>
<LightningComponentBundle xmlns="http://soap.sforce.com/2006/04/metadata">
    <masterLabel>CFS Logger: Related Log Entries</masterLabel>
    <description>Displays a related list of log entries for the current record.</description>
    <apiVersion>62.0</apiVersion>
    <isExposed>true</isExposed>
    <targets>
        <target>lightning__RecordPage</target>
    </targets>
    <targetConfigs>
        <targetConfig targets="lightning__RecordPage">
            <property name="fieldSetName" label="Log Entry Field Set" type="String" datasource="apex://LogEntryFieldSetPicklist" />
            <property name="rowLimit" label="Max Number of Log Entries to Display" type="Integer" default="30" />
        </targetConfig>
    </targetConfigs>
</LightningComponentBundle>