<?xml version="1.0" encoding="UTF-8"?>
<FlexiPage xmlns="http://soap.sforce.com/2006/04/metadata">
    <flexiPageRegions>
        <itemInstances>
            <fieldInstance>
                <fieldInstanceProperties>
                    <name>uiBehavior</name>
                    <value>none</value>
                </fieldInstanceProperties>
                <fieldItem>Record.Name</fieldItem>
                <identifier>RecordNameField</identifier>
            </fieldInstance>
        </itemInstances>
        <name>Facet-8ceba1df-e63f-454f-86e4-fecda2641117</name>
        <type>Facet</type>
    </flexiPageRegions>
    <flexiPageRegions>
        <itemInstances>
            <fieldInstance>
                <fieldInstanceProperties>
                    <name>uiBehavior</name>
                    <value>none</value>
                </fieldInstanceProperties>
                <fieldItem>Record.LoggedByUsernameLink__c</fieldItem>
                <identifier>RecordLoggedByUsernameLink_cField</identifier>
            </fieldInstance>
        </itemInstances>
        <itemInstances>
            <fieldInstance>
                <fieldInstanceProperties>
                    <name>uiBehavior</name>
                    <value>none</value>
                </fieldInstanceProperties>
                <fieldItem>Record.ProfileLink__c</fieldItem>
                <identifier>RecordProfileLink_cField</identifier>
            </fieldInstance>
        </itemInstances>
        <itemInstances>
            <fieldInstance>
                <fieldInstanceProperties>
                    <name>uiBehavior</name>
                    <value>none</value>
                </fieldInstanceProperties>
                <fieldItem>Record.ImpersonatedByUsernameLink__c</fieldItem>
                <identifier>RecordImpersonatedByUsernameLink_cField</identifier>
                <visibilityRule>
                    <criteria>
                        <leftValue>{!Record.ImpersonatedByUsernameLink__c}</leftValue>
                        <operator>NE</operator>
                    </criteria>
                </visibilityRule>
            </fieldInstance>
        </itemInstances>
        <itemInstances>
            <fieldInstance>
                <fieldInstanceProperties>
                    <name>uiBehavior</name>
                    <value>none</value>
                </fieldInstanceProperties>
                <fieldItem>Record.ParentLogLink__c</fieldItem>
                <identifier>RecordParentLogLink_cField</identifier>
                <visibilityRule>
                    <criteria>
                        <leftValue>{!Record.ParentLogLink__c}</leftValue>
                        <operator>NE</operator>
                    </criteria>
                </visibilityRule>
            </fieldInstance>
        </itemInstances>
        <name>Facet-cd1c5192-52c5-4c51-9d7e-8cb952d0c270</name>
        <type>Facet</type>
    </flexiPageRegions>
    <flexiPageRegions>
        <itemInstances>
            <componentInstance>
                <componentInstanceProperties>
                    <name>actionNames</name>
                    <valueList>
                        <valueListItems>
                            <value>Delete</value>
                        </valueListItems>
                    </valueList>
                </componentInstanceProperties>
                <componentInstanceProperties>
                    <name>numVisibleActions</name>
                    <value>3</value>
                </componentInstanceProperties>
                <componentInstanceProperties>
                    <name>primaryField</name>
                    <value>Facet-8ceba1df-e63f-454f-86e4-fecda2641117</value>
                </componentInstanceProperties>
                <componentInstanceProperties>
                    <name>secondaryFields</name>
                    <value>Facet-cd1c5192-52c5-4c51-9d7e-8cb952d0c270</value>
                </componentInstanceProperties>
                <componentName>record_flexipage:dynamicHighlights</componentName>
                <identifier>record_flexipage_dynamicHighlights</identifier>
            </componentInstance>
        </itemInstances>
        <name>header</name>
        <type>Region</type>
    </flexiPageRegions>
    <flexiPageRegions>
        <itemInstances>
            <fieldInstance>
                <fieldInstanceProperties>
                    <name>uiBehavior</name>
                    <value>required</value>
                </fieldInstanceProperties>
                <fieldItem>Record.LogEntry__c</fieldItem>
                <identifier>RecordLogEntry_cField</identifier>
            </fieldInstance>
        </itemInstances>
        <name>Facet-7b90a470-1d6a-42f4-a2a4-90fc07c4c91f</name>
        <type>Facet</type>
    </flexiPageRegions>
    <flexiPageRegions>
        <itemInstances>
            <fieldInstance>
                <fieldInstanceProperties>
                    <name>uiBehavior</name>
                    <value>required</value>
                </fieldInstanceProperties>
                <fieldItem>Record.Tag__c</fieldItem>
                <identifier>RecordTag_cField</identifier>
            </fieldInstance>
        </itemInstances>
        <name>Facet-8204e786-3990-48ad-a070-d38110f3d7d6</name>
        <type>Facet</type>
    </flexiPageRegions>
    <flexiPageRegions>
        <itemInstances>
            <componentInstance>
                <componentInstanceProperties>
                    <name>body</name>
                    <value>Facet-7b90a470-1d6a-42f4-a2a4-90fc07c4c91f</value>
                </componentInstanceProperties>
                <componentName>flexipage:column</componentName>
                <identifier>flexipage_column</identifier>
            </componentInstance>
        </itemInstances>
        <itemInstances>
            <componentInstance>
                <componentInstanceProperties>
                    <name>body</name>
                    <value>Facet-8204e786-3990-48ad-a070-d38110f3d7d6</value>
                </componentInstanceProperties>
                <componentName>flexipage:column</componentName>
                <identifier>flexipage_column2</identifier>
            </componentInstance>
        </itemInstances>
        <name>Facet-7b9e4742-677a-44f7-acfb-27718863fb1e</name>
        <type>Facet</type>
    </flexiPageRegions>
    <flexiPageRegions>
        <itemInstances>
            <fieldInstance>
                <fieldInstanceProperties>
                    <name>uiBehavior</name>
                    <value>readonly</value>
                </fieldInstanceProperties>
                <fieldItem>Record.LoggedByUsernameLink__c</fieldItem>
                <identifier>RecordLoggedByUsernameLink_cField2</identifier>
            </fieldInstance>
        </itemInstances>
        <itemInstances>
            <fieldInstance>
                <fieldInstanceProperties>
                    <name>uiBehavior</name>
                    <value>none</value>
                </fieldInstanceProperties>
                <fieldItem>Record.ProfileLink__c</fieldItem>
                <identifier>RecordProfileLink_cField2</identifier>
            </fieldInstance>
        </itemInstances>
        <itemInstances>
            <fieldInstance>
                <fieldInstanceProperties>
                    <name>uiBehavior</name>
                    <value>none</value>
                </fieldInstanceProperties>
                <fieldItem>Record.ImpersonatedByUsernameLink__c</fieldItem>
                <identifier>RecordImpersonatedByUsernameLink_cField2</identifier>
                <visibilityRule>
                    <criteria>
                        <leftValue>{!Record.ImpersonatedByUsernameLink__c}</leftValue>
                        <operator>NE</operator>
                    </criteria>
                </visibilityRule>
            </fieldInstance>
        </itemInstances>
        <name>Facet-d8d4e907-2497-48b7-b267-f11e9c57c6d9</name>
        <type>Facet</type>
    </flexiPageRegions>
    <flexiPageRegions>
        <itemInstances>
            <fieldInstance>
                <fieldInstanceProperties>
                    <name>uiBehavior</name>
                    <value>readonly</value>
                </fieldInstanceProperties>
                <fieldItem>Record.LogEntryTimestamp__c</fieldItem>
                <identifier>RecordLogEntryTimestamp_cField</identifier>
            </fieldInstance>
        </itemInstances>
        <itemInstances>
            <fieldInstance>
                <fieldInstanceProperties>
                    <name>uiBehavior</name>
                    <value>readonly</value>
                </fieldInstanceProperties>
                <fieldItem>Record.LogLink__c</fieldItem>
                <identifier>RecordLogLink_cField</identifier>
            </fieldInstance>
        </itemInstances>
        <itemInstances>
            <fieldInstance>
                <fieldInstanceProperties>
                    <name>uiBehavior</name>
                    <value>none</value>
                </fieldInstanceProperties>
                <fieldItem>Record.ParentLogLink__c</fieldItem>
                <identifier>RecordParentLogLink_cField2</identifier>
                <visibilityRule>
                    <criteria>
                        <leftValue>{!Record.ParentLogLink__c}</leftValue>
                        <operator>NE</operator>
                    </criteria>
                </visibilityRule>
            </fieldInstance>
        </itemInstances>
        <itemInstances>
            <fieldInstance>
                <fieldInstanceProperties>
                    <name>uiBehavior</name>
                    <value>readonly</value>
                </fieldInstanceProperties>
                <fieldItem>Record.LogEntryOrigin__c</fieldItem>
                <identifier>RecordLogEntryOrigin_cField</identifier>
            </fieldInstance>
        </itemInstances>
        <name>Facet-27ab2ad8-09d2-4324-9863-863484fac65f</name>
        <type>Facet</type>
    </flexiPageRegions>
    <flexiPageRegions>
        <itemInstances>
            <componentInstance>
                <componentInstanceProperties>
                    <name>body</name>
                    <value>Facet-d8d4e907-2497-48b7-b267-f11e9c57c6d9</value>
                </componentInstanceProperties>
                <componentName>flexipage:column</componentName>
                <identifier>flexipage_column3</identifier>
            </componentInstance>
        </itemInstances>
        <itemInstances>
            <componentInstance>
                <componentInstanceProperties>
                    <name>body</name>
                    <value>Facet-27ab2ad8-09d2-4324-9863-863484fac65f</value>
                </componentInstanceProperties>
                <componentName>flexipage:column</componentName>
                <identifier>flexipage_column4</identifier>
            </componentInstance>
        </itemInstances>
        <name>Facet-7649294e-3ad8-4ca6-9c5a-ad940d7e8675</name>
        <type>Facet</type>
    </flexiPageRegions>
    <flexiPageRegions>
        <itemInstances>
            <fieldInstance>
                <fieldInstanceProperties>
                    <name>uiBehavior</name>
                    <value>readonly</value>
                </fieldInstanceProperties>
                <fieldItem>Record.CreatedById</fieldItem>
                <identifier>RecordCreatedByIdField</identifier>
            </fieldInstance>
        </itemInstances>
        <name>Facet-990daeb8-3dcb-4f25-9b16-00850bba38e3</name>
        <type>Facet</type>
    </flexiPageRegions>
    <flexiPageRegions>
        <itemInstances>
            <fieldInstance>
                <fieldInstanceProperties>
                    <name>uiBehavior</name>
                    <value>readonly</value>
                </fieldInstanceProperties>
                <fieldItem>Record.LastModifiedById</fieldItem>
                <identifier>RecordLastModifiedByIdField</identifier>
            </fieldInstance>
        </itemInstances>
        <name>Facet-7193c707-6c03-4b3e-a594-e2ca2c8e610f</name>
        <type>Facet</type>
    </flexiPageRegions>
    <flexiPageRegions>
        <itemInstances>
            <componentInstance>
                <componentInstanceProperties>
                    <name>body</name>
                    <value>Facet-990daeb8-3dcb-4f25-9b16-00850bba38e3</value>
                </componentInstanceProperties>
                <componentName>flexipage:column</componentName>
                <identifier>flexipage_column5</identifier>
            </componentInstance>
        </itemInstances>
        <itemInstances>
            <componentInstance>
                <componentInstanceProperties>
                    <name>body</name>
                    <value>Facet-7193c707-6c03-4b3e-a594-e2ca2c8e610f</value>
                </componentInstanceProperties>
                <componentName>flexipage:column</componentName>
                <identifier>flexipage_column6</identifier>
            </componentInstance>
        </itemInstances>
        <name>Facet-0b89b717-70ee-496f-b024-1ce0245885a8</name>
        <type>Facet</type>
    </flexiPageRegions>
    <flexiPageRegions>
        <itemInstances>
            <componentInstance>
                <componentInstanceProperties>
                    <name>columns</name>
                    <value>Facet-7b9e4742-677a-44f7-acfb-27718863fb1e</value>
                </componentInstanceProperties>
                <componentInstanceProperties>
                    <name>horizontalAlignment</name>
                    <value>false</value>
                </componentInstanceProperties>
                <componentInstanceProperties>
                    <name>label</name>
                    <value>@@@SFDCInformationSFDC@@@</value>
                </componentInstanceProperties>
                <componentName>flexipage:fieldSection</componentName>
                <identifier>flexipage_fieldSection</identifier>
            </componentInstance>
        </itemInstances>
        <itemInstances>
            <componentInstance>
                <componentInstanceProperties>
                    <name>columns</name>
                    <value>Facet-7649294e-3ad8-4ca6-9c5a-ad940d7e8675</value>
                </componentInstanceProperties>
                <componentInstanceProperties>
                    <name>horizontalAlignment</name>
                    <value>false</value>
                </componentInstanceProperties>
                <componentInstanceProperties>
                    <name>label</name>
                    <value>Log Entry Details</value>
                </componentInstanceProperties>
                <componentName>flexipage:fieldSection</componentName>
                <identifier>flexipage_fieldSection2</identifier>
            </componentInstance>
        </itemInstances>
        <itemInstances>
            <componentInstance>
                <componentInstanceProperties>
                    <name>columns</name>
                    <value>Facet-0b89b717-70ee-496f-b024-1ce0245885a8</value>
                </componentInstanceProperties>
                <componentInstanceProperties>
                    <name>horizontalAlignment</name>
                    <value>false</value>
                </componentInstanceProperties>
                <componentInstanceProperties>
                    <name>label</name>
                    <value>@@@SFDCSystem_InformationSFDC@@@</value>
                </componentInstanceProperties>
                <componentName>flexipage:fieldSection</componentName>
                <identifier>flexipage_fieldSection3</identifier>
            </componentInstance>
        </itemInstances>
        <itemInstances>
            <componentInstance>
                <componentName>force:recordDetailPanelMobile</componentName>
                <identifier>force_recordDetailPanelMobile</identifier>
            </componentInstance>
        </itemInstances>
        <name>main</name>
        <type>Region</type>
    </flexiPageRegions>
    <masterLabel>CFS Logger: Log Entry Tag Record Page</masterLabel>
    <sobjectType>LogEntryTag__c</sobjectType>
    <template>
        <name>flexipage:recordHomeSingleColTemplateDesktop</name>
    </template>
    <type>RecordPage</type>
</FlexiPage>
