<?xml version="1.0" encoding="UTF-8"?>
<FlexiPage xmlns="http://soap.sforce.com/2006/04/metadata">
    <flexiPageRegions>
        <itemInstances>
            <fieldInstance>
                <fieldInstanceProperties>
                    <name>uiBehavior</name>
                    <value>none</value>
                </fieldInstanceProperties>
                <fieldItem>Record.Name</fieldItem>
                <identifier>RecordNameField</identifier>
            </fieldInstance>
        </itemInstances>
        <name>Facet-abc6fda0-1e44-4fb0-96b6-a82d8d7af14c</name>
        <type>Facet</type>
    </flexiPageRegions>
    <flexiPageRegions>
        <itemInstances>
            <fieldInstance>
                <fieldInstanceProperties>
                    <name>uiBehavior</name>
                    <value>none</value>
                </fieldInstanceProperties>
                <fieldItem>Record.UniqueId__c</fieldItem>
                <identifier>RecordUniqueId_cField</identifier>
            </fieldInstance>
        </itemInstances>
        <itemInstances>
            <fieldInstance>
                <fieldInstanceProperties>
                    <name>uiBehavior</name>
                    <value>none</value>
                </fieldInstanceProperties>
                <fieldItem>Record.OwnerId</fieldItem>
                <identifier>RecordOwnerIdField</identifier>
            </fieldInstance>
        </itemInstances>
        <itemInstances>
            <fieldInstance>
                <fieldInstanceProperties>
                    <name>uiBehavior</name>
                    <value>none</value>
                </fieldInstanceProperties>
                <fieldItem>Record.TotalLogEntries__c</fieldItem>
                <identifier>RecordTotalLogEntries_cField</identifier>
            </fieldInstance>
        </itemInstances>
        <itemInstances>
            <fieldInstance>
                <fieldInstanceProperties>
                    <name>uiBehavior</name>
                    <value>none</value>
                </fieldInstanceProperties>
                <fieldItem>Record.CreatedById</fieldItem>
                <identifier>RecordCreatedByIdField</identifier>
            </fieldInstance>
        </itemInstances>
        <itemInstances>
            <fieldInstance>
                <fieldInstanceProperties>
                    <name>uiBehavior</name>
                    <value>none</value>
                </fieldInstanceProperties>
                <fieldItem>Record.LastModifiedById</fieldItem>
                <identifier>RecordLastModifiedByIdField</identifier>
            </fieldInstance>
        </itemInstances>
        <name>Facet-5fa4a2b2-73ca-47d8-8d6a-15d9f7a468a9</name>
        <type>Facet</type>
    </flexiPageRegions>
    <flexiPageRegions>
        <itemInstances>
            <componentInstance>
                <componentInstanceProperties>
                    <name>actionNames</name>
                    <valueList>
                        <valueListItems>
                            <value>ChangeOwnerOne</value>
                        </valueListItems>
                        <valueListItems>
                            <value>Edit</value>
                        </valueListItems>
                        <valueListItems>
                            <value>Share</value>
                        </valueListItems>
                        <valueListItems>
                            <value>RecordShareHierarchy</value>
                        </valueListItems>
                        <valueListItems>
                            <value>Delete</value>
                        </valueListItems>
                    </valueList>
                </componentInstanceProperties>
                <componentInstanceProperties>
                    <name>numVisibleActions</name>
                    <value>10</value>
                </componentInstanceProperties>
                <componentInstanceProperties>
                    <name>primaryField</name>
                    <value>Facet-abc6fda0-1e44-4fb0-96b6-a82d8d7af14c</value>
                </componentInstanceProperties>
                <componentInstanceProperties>
                    <name>secondaryFields</name>
                    <value>Facet-5fa4a2b2-73ca-47d8-8d6a-15d9f7a468a9</value>
                </componentInstanceProperties>
                <componentName>record_flexipage:dynamicHighlights</componentName>
                <identifier>record_flexipage_dynamicHighlights</identifier>
            </componentInstance>
        </itemInstances>
        <name>header</name>
        <type>Region</type>
    </flexiPageRegions>
    <flexiPageRegions>
        <itemInstances>
            <componentInstance>
                <componentInstanceProperties>
                    <name>actionNames</name>
                    <valueList>
                        <valueListItems>
                            <value>New</value>
                        </valueListItems>
                    </valueList>
                </componentInstanceProperties>
                <componentInstanceProperties>
                    <name>maxRecordsToDisplay</name>
                    <value>30</value>
                </componentInstanceProperties>
                <componentInstanceProperties>
                    <name>parentFieldApiName</name>
                    <value>LoggerTag__c.Id</value>
                </componentInstanceProperties>
                <componentInstanceProperties>
                    <name>relatedListApiName</name>
                    <value>LogEntryTags__r</value>
                </componentInstanceProperties>
                <componentInstanceProperties>
                    <name>relatedListDisplayType</name>
                    <value>ADVGRID</value>
                </componentInstanceProperties>
                <componentInstanceProperties>
                    <name>relatedListFieldAliases</name>
                    <valueList>
                        <valueListItems>
                            <value>LogEntry__c.NAME</value>
                        </valueListItems>
                        <valueListItems>
                            <value>LogEntry__c.Log__c</value>
                        </valueListItems>
                        <valueListItems>
                            <value>LogEntry__c.LoggingLevel__c</value>
                        </valueListItems>
                        <valueListItems>
                            <value>LogEntry__c.Message__c</value>
                        </valueListItems>
                        <valueListItems>
                            <value>LogEntry__c.Origin__c</value>
                        </valueListItems>
                        <valueListItems>
                            <value>LogEntry__c.RecordDetailedLink__c</value>
                        </valueListItems>
                        <valueListItems>
                            <value>NAME</value>
                        </valueListItems>
                        <valueListItems>
                            <value>LogEntry__c.Timestamp__c</value>
                        </valueListItems>
                    </valueList>
                </componentInstanceProperties>
                <componentInstanceProperties>
                    <name>relatedListLabel</name>
                    <value>Tagged Log Entries</value>
                </componentInstanceProperties>
                <componentInstanceProperties>
                    <name>showActionBar</name>
                    <value>true</value>
                </componentInstanceProperties>
                <componentInstanceProperties>
                    <name>sortFieldAlias</name>
                    <value>LogEntry__c.Timestamp__c</value>
                </componentInstanceProperties>
                <componentInstanceProperties>
                    <name>sortFieldOrder</name>
                    <value>Descending</value>
                </componentInstanceProperties>
                <componentName>lst:dynamicRelatedList</componentName>
                <identifier>lst_dynamicRelatedList</identifier>
            </componentInstance>
        </itemInstances>
        <name>Facet-3dc4c83f-a25a-490d-9370-2bad02789b05</name>
        <type>Facet</type>
    </flexiPageRegions>
    <flexiPageRegions>
        <itemInstances>
            <componentInstance>
                <componentInstanceProperties>
                    <name>parentFieldApiName</name>
                    <value>LoggerTag__c.Id</value>
                </componentInstanceProperties>
                <componentInstanceProperties>
                    <name>relatedListApiName</name>
                    <value>Histories</value>
                </componentInstanceProperties>
                <componentInstanceProperties>
                    <name>relatedListComponentOverride</name>
                    <value>ADVGRID</value>
                </componentInstanceProperties>
                <componentInstanceProperties>
                    <name>rowsToDisplay</name>
                    <value>30</value>
                </componentInstanceProperties>
                <componentInstanceProperties>
                    <name>showActionBar</name>
                    <value>true</value>
                </componentInstanceProperties>
                <componentName>force:relatedListSingleContainer</componentName>
                <identifier>force_relatedListSingleContainer</identifier>
            </componentInstance>
        </itemInstances>
        <name>Facet-a8de99d0-6969-455e-b669-43cad76749ac</name>
        <type>Facet</type>
    </flexiPageRegions>
    <flexiPageRegions>
        <itemInstances>
            <componentInstance>
                <componentInstanceProperties>
                    <name>active</name>
                    <value>true</value>
                </componentInstanceProperties>
                <componentInstanceProperties>
                    <name>body</name>
                    <value>Facet-3dc4c83f-a25a-490d-9370-2bad02789b05</value>
                </componentInstanceProperties>
                <componentInstanceProperties>
                    <name>title</name>
                    <value>Log Entries</value>
                </componentInstanceProperties>
                <componentName>flexipage:tab</componentName>
                <identifier>relatedListsTab</identifier>
            </componentInstance>
        </itemInstances>
        <itemInstances>
            <componentInstance>
                <componentInstanceProperties>
                    <name>body</name>
                    <value>Facet-a8de99d0-6969-455e-b669-43cad76749ac</value>
                </componentInstanceProperties>
                <componentInstanceProperties>
                    <name>title</name>
                    <value>History</value>
                </componentInstanceProperties>
                <componentName>flexipage:tab</componentName>
                <identifier>flexipage_tab</identifier>
            </componentInstance>
        </itemInstances>
        <name>Facet-67bbc836-1943-4c29-81cd-4434b0c30480</name>
        <type>Facet</type>
    </flexiPageRegions>
    <flexiPageRegions>
        <itemInstances>
            <componentInstance>
                <componentInstanceProperties>
                    <name>tabs</name>
                    <value>Facet-67bbc836-1943-4c29-81cd-4434b0c30480</value>
                </componentInstanceProperties>
                <componentName>flexipage:tabset</componentName>
                <identifier>flexipage_tabset</identifier>
            </componentInstance>
        </itemInstances>
        <name>main</name>
        <type>Region</type>
    </flexiPageRegions>
    <masterLabel>CFS Logger: Logger Tag Record Page</masterLabel>
    <sobjectType>LoggerTag__c</sobjectType>
    <template>
        <name>flexipage:recordHomeSingleColTemplateDesktop</name>
    </template>
    <type>RecordPage</type>
</FlexiPage>
