<?xml version="1.0" encoding="UTF-8"?>
<FlexiPage xmlns="http://soap.sforce.com/2006/04/metadata">
    <flexiPageRegions>
        <itemInstances>
            <fieldInstance>
                <fieldInstanceProperties>
                    <name>uiBehavior</name>
                    <value>none</value>
                </fieldInstanceProperties>
                <fieldItem>Record.Name</fieldItem>
                <identifier>RecordNameField</identifier>
            </fieldInstance>
        </itemInstances>
        <name>Facet-2301c152-3f49-48f9-a6f1-7198e617bc7d</name>
        <type>Facet</type>
    </flexiPageRegions>
    <flexiPageRegions>
        <itemInstances>
            <fieldInstance>
                <fieldInstanceProperties>
                    <name>uiBehavior</name>
                    <value>none</value>
                </fieldInstanceProperties>
                <fieldItem>Record.UniqueId__c</fieldItem>
                <identifier>RecordUniqueId_cField</identifier>
            </fieldInstance>
        </itemInstances>
        <itemInstances>
            <fieldInstance>
                <fieldInstanceProperties>
                    <name>uiBehavior</name>
                    <value>none</value>
                </fieldInstanceProperties>
                <fieldItem>Record.OwnerId</fieldItem>
                <identifier>RecordOwnerIdField</identifier>
            </fieldInstance>
        </itemInstances>
        <itemInstances>
            <fieldInstance>
                <fieldInstanceProperties>
                    <name>uiBehavior</name>
                    <value>none</value>
                </fieldInstanceProperties>
                <fieldItem>Record.CreatedById</fieldItem>
                <identifier>RecordCreatedByIdField</identifier>
            </fieldInstance>
        </itemInstances>
        <itemInstances>
            <fieldInstance>
                <fieldInstanceProperties>
                    <name>uiBehavior</name>
                    <value>none</value>
                </fieldInstanceProperties>
                <fieldItem>Record.LastModifiedById</fieldItem>
                <identifier>RecordLastModifiedByIdField</identifier>
            </fieldInstance>
        </itemInstances>
        <name>Facet-d08ec573-1f6a-4ec8-8d97-72f7aee83f08</name>
        <type>Facet</type>
    </flexiPageRegions>
    <flexiPageRegions>
        <itemInstances>
            <componentInstance>
                <componentInstanceProperties>
                    <name>actionNames</name>
                    <valueList>
                        <valueListItems>
                            <value>ChangeOwnerOne</value>
                        </valueListItems>
                        <valueListItems>
                            <value>Edit</value>
                        </valueListItems>
                        <valueListItems>
                            <value>Share</value>
                        </valueListItems>
                        <valueListItems>
                            <value>RecordShareHierarchy</value>
                        </valueListItems>
                        <valueListItems>
                            <value>Delete</value>
                        </valueListItems>
                    </valueList>
                </componentInstanceProperties>
                <componentInstanceProperties>
                    <name>numVisibleActions</name>
                    <value>10</value>
                </componentInstanceProperties>
                <componentInstanceProperties>
                    <name>primaryField</name>
                    <value>Facet-2301c152-3f49-48f9-a6f1-7198e617bc7d</value>
                </componentInstanceProperties>
                <componentInstanceProperties>
                    <name>secondaryFields</name>
                    <value>Facet-d08ec573-1f6a-4ec8-8d97-72f7aee83f08</value>
                </componentInstanceProperties>
                <componentName>record_flexipage:dynamicHighlights</componentName>
                <identifier>record_flexipage_dynamicHighlights</identifier>
            </componentInstance>
        </itemInstances>
        <name>header</name>
        <type>Region</type>
    </flexiPageRegions>
    <flexiPageRegions>
        <itemInstances>
            <componentInstance>
                <componentInstanceProperties>
                    <name>actionNames</name>
                    <valueList>
                        <valueListItems>
                            <value>Log__c.Manage</value>
                        </valueListItems>
                    </valueList>
                </componentInstanceProperties>
                <componentInstanceProperties>
                    <name>adminFilters</name>
                </componentInstanceProperties>
                <componentInstanceProperties>
                    <name>maxRecordsToDisplay</name>
                    <value>30</value>
                </componentInstanceProperties>
                <componentInstanceProperties>
                    <name>parentFieldApiName</name>
                    <value>LoggerScenario__c.Id</value>
                </componentInstanceProperties>
                <componentInstanceProperties>
                    <name>relatedListApiName</name>
                    <value>Logs__r</value>
                </componentInstanceProperties>
                <componentInstanceProperties>
                    <name>relatedListDisplayType</name>
                    <value>ADVGRID</value>
                </componentInstanceProperties>
                <componentInstanceProperties>
                    <name>relatedListFieldAliases</name>
                    <valueList>
                        <valueListItems>
                            <value>NAME</value>
                        </valueListItems>
                        <valueListItems>
                            <value>LoggedByUsernameLink__c</value>
                        </valueListItems>
                        <valueListItems>
                            <value>TransactionId__c</value>
                        </valueListItems>
                        <valueListItems>
                            <value>TotalLogEntries__c</value>
                        </valueListItems>
                        <valueListItems>
                            <value>TotalERRORLogEntries__c</value>
                        </valueListItems>
                        <valueListItems>
                            <value>TotalWARNLogEntries__c</value>
                        </valueListItems>
                        <valueListItems>
                            <value>OWNER.ALIAS</value>
                        </valueListItems>
                        <valueListItems>
                            <value>Status__c</value>
                        </valueListItems>
                        <valueListItems>
                            <value>StartTime__c</value>
                        </valueListItems>
                    </valueList>
                </componentInstanceProperties>
                <componentInstanceProperties>
                    <name>relatedListLabel</name>
                    <value>Logs</value>
                </componentInstanceProperties>
                <componentInstanceProperties>
                    <name>showActionBar</name>
                    <value>true</value>
                </componentInstanceProperties>
                <componentInstanceProperties>
                    <name>sortFieldAlias</name>
                    <value>StartTime__c</value>
                </componentInstanceProperties>
                <componentInstanceProperties>
                    <name>sortFieldOrder</name>
                    <value>Descending</value>
                </componentInstanceProperties>
                <componentName>lst:dynamicRelatedList</componentName>
                <identifier>lst_dynamicRelatedList</identifier>
            </componentInstance>
        </itemInstances>
        <name>relatedTabContent</name>
        <type>Facet</type>
    </flexiPageRegions>
    <flexiPageRegions>
        <itemInstances>
            <componentInstance>
                <componentInstanceProperties>
                    <name>actionNames</name>
                    <valueList>
                        <valueListItems>
                            <value>MassChangeOwner</value>
                        </valueListItems>
                    </valueList>
                </componentInstanceProperties>
                <componentInstanceProperties>
                    <name>maxRecordsToDisplay</name>
                    <value>30</value>
                </componentInstanceProperties>
                <componentInstanceProperties>
                    <name>parentFieldApiName</name>
                    <value>LoggerScenario__c.Id</value>
                </componentInstanceProperties>
                <componentInstanceProperties>
                    <name>relatedListApiName</name>
                    <value>LogEntries__r</value>
                </componentInstanceProperties>
                <componentInstanceProperties>
                    <name>relatedListDisplayType</name>
                    <value>ADVGRID</value>
                </componentInstanceProperties>
                <componentInstanceProperties>
                    <name>relatedListFieldAliases</name>
                    <valueList>
                        <valueListItems>
                            <value>NAME</value>
                        </valueListItems>
                        <valueListItems>
                            <value>Log__c</value>
                        </valueListItems>
                        <valueListItems>
                            <value>LoggingLevel__c</value>
                        </valueListItems>
                        <valueListItems>
                            <value>LoggedByUsernameLink__c</value>
                        </valueListItems>
                        <valueListItems>
                            <value>ProfileLink__c</value>
                        </valueListItems>
                        <valueListItems>
                            <value>Origin__c</value>
                        </valueListItems>
                        <valueListItems>
                            <value>Message__c</value>
                        </valueListItems>
                        <valueListItems>
                            <value>RecordLink__c</value>
                        </valueListItems>
                        <valueListItems>
                            <value>Timestamp__c</value>
                        </valueListItems>
                    </valueList>
                </componentInstanceProperties>
                <componentInstanceProperties>
                    <name>relatedListLabel</name>
                    <value>Log Entries</value>
                </componentInstanceProperties>
                <componentInstanceProperties>
                    <name>showActionBar</name>
                    <value>false</value>
                </componentInstanceProperties>
                <componentInstanceProperties>
                    <name>sortFieldAlias</name>
                    <value>Timestamp__c</value>
                </componentInstanceProperties>
                <componentInstanceProperties>
                    <name>sortFieldOrder</name>
                    <value>Descending</value>
                </componentInstanceProperties>
                <componentName>lst:dynamicRelatedList</componentName>
                <identifier>lst_dynamicRelatedList2</identifier>
            </componentInstance>
        </itemInstances>
        <name>Facet-bf77ace2-6cee-4ca4-88b4-990633a74278</name>
        <type>Facet</type>
    </flexiPageRegions>
    <flexiPageRegions>
        <itemInstances>
            <componentInstance>
                <componentInstanceProperties>
                    <name>parentFieldApiName</name>
                    <value>LoggerScenario__c.Id</value>
                </componentInstanceProperties>
                <componentInstanceProperties>
                    <name>relatedListApiName</name>
                    <value>Histories</value>
                </componentInstanceProperties>
                <componentInstanceProperties>
                    <name>relatedListComponentOverride</name>
                    <value>ADVGRID</value>
                </componentInstanceProperties>
                <componentInstanceProperties>
                    <name>rowsToDisplay</name>
                    <value>30</value>
                </componentInstanceProperties>
                <componentInstanceProperties>
                    <name>showActionBar</name>
                    <value>true</value>
                </componentInstanceProperties>
                <componentName>force:relatedListSingleContainer</componentName>
                <identifier>force_relatedListSingleContainer</identifier>
            </componentInstance>
        </itemInstances>
        <name>Facet-f057dac9-734a-4003-bfc0-0c452db10e0a</name>
        <type>Facet</type>
    </flexiPageRegions>
    <flexiPageRegions>
        <itemInstances>
            <componentInstance>
                <componentInstanceProperties>
                    <name>active</name>
                    <value>false</value>
                </componentInstanceProperties>
                <componentInstanceProperties>
                    <name>body</name>
                    <value>relatedTabContent</value>
                </componentInstanceProperties>
                <componentInstanceProperties>
                    <name>title</name>
                    <value>Logs</value>
                </componentInstanceProperties>
                <componentName>flexipage:tab</componentName>
                <identifier>relatedListsTab</identifier>
            </componentInstance>
        </itemInstances>
        <itemInstances>
            <componentInstance>
                <componentInstanceProperties>
                    <name>active</name>
                    <value>false</value>
                </componentInstanceProperties>
                <componentInstanceProperties>
                    <name>body</name>
                    <value>Facet-bf77ace2-6cee-4ca4-88b4-990633a74278</value>
                </componentInstanceProperties>
                <componentInstanceProperties>
                    <name>title</name>
                    <value>Log Entries</value>
                </componentInstanceProperties>
                <componentName>flexipage:tab</componentName>
                <identifier>flexipage_tab3</identifier>
            </componentInstance>
        </itemInstances>
        <itemInstances>
            <componentInstance>
                <componentInstanceProperties>
                    <name>body</name>
                    <value>Facet-f057dac9-734a-4003-bfc0-0c452db10e0a</value>
                </componentInstanceProperties>
                <componentInstanceProperties>
                    <name>title</name>
                    <value>History</value>
                </componentInstanceProperties>
                <componentName>flexipage:tab</componentName>
                <identifier>flexipage_tab2</identifier>
            </componentInstance>
        </itemInstances>
        <name>maintabs</name>
        <type>Facet</type>
    </flexiPageRegions>
    <flexiPageRegions>
        <itemInstances>
            <componentInstance>
                <componentInstanceProperties>
                    <name>tabs</name>
                    <value>maintabs</value>
                </componentInstanceProperties>
                <componentName>flexipage:tabset</componentName>
                <identifier>flexipage_tabset</identifier>
            </componentInstance>
        </itemInstances>
        <name>main</name>
        <type>Region</type>
    </flexiPageRegions>
    <masterLabel>CFS Logger: Logger Scenario Record Page</masterLabel>
    <sobjectType>LoggerScenario__c</sobjectType>
    <template>
        <name>flexipage:recordHomeSingleColTemplateDesktop</name>
    </template>
    <type>RecordPage</type>
</FlexiPage>
