<?xml version="1.0" encoding="UTF-8"?>
<CustomField xmlns="http://soap.sforce.com/2006/04/metadata">
    <fullName>BrowserAddress__c</fullName>
    <businessStatus>Active</businessStatus>
    <complianceGroup>PII;GDPR;CCPA</complianceGroup>
    <deprecated>false</deprecated>
    <label>Browser Address</label>
    <length>2000</length>
    <securityClassification>Confidential</securityClassification>
    <trackTrending>false</trackTrending>
    <type>LongTextArea</type>
    <visibleLines>3</visibleLines>
</CustomField>
