<?xml version="1.0" encoding="UTF-8"?>
<CustomField xmlns="http://soap.sforce.com/2006/04/metadata">
    <fullName>BrowserUrl__c</fullName>
    <businessStatus>DeprecateCandidate</businessStatus>
    <complianceGroup>PII;GDPR;CCPA</complianceGroup>
    <deprecated>false</deprecated>
    <inlineHelpText>Deprecated: instead use the field BrowserAddress__c</inlineHelpText>
    <label>DEPRECATED: Browser URL</label>
    <required>false</required>
    <securityClassification>Confidential</securityClassification>
    <trackTrending>false</trackTrending>
    <type>Url</type>
</CustomField>
