<?xml version="1.0" encoding="UTF-8"?>
<CustomField xmlns="http://soap.sforce.com/2006/04/metadata">
    <fullName>BrowserFormFactor__c</fullName>
    <businessStatus>Active</businessStatus>
    <complianceGroup>PII;GDPR;CCPA</complianceGroup>
    <deprecated>false</deprecated>
    <label>Browser Form Factor</label>
    <required>false</required>
    <securityClassification>Confidential</securityClassification>
    <trackTrending>false</trackTrending>
    <type>Picklist</type>
    <valueSet>
        <valueSetDefinition>
            <sorted>false</sorted>
            <value>
                <fullName>Large</fullName>
                <default>false</default>
                <label>Large</label>
            </value>
            <value>
                <fullName>Medium</fullName>
                <default>false</default>
                <label>Medium</label>
            </value>
            <value>
                <fullName>Small</fullName>
                <default>false</default>
                <label>Small</label>
            </value>
        </valueSetDefinition>
    </valueSet>
</CustomField>
