<?xml version="1.0" encoding="UTF-8"?>
<CustomField xmlns="http://soap.sforce.com/2006/04/metadata">
    <fullName>ComponentApiName__c</fullName>
    <businessStatus>Active</businessStatus>
    <complianceGroup>None</complianceGroup>
    <deprecated>false</deprecated>
    <externalId>false</externalId>
    <label>Component Name</label>
    <length>255</length>
    <required>false</required>
    <securityClassification>Confidential</securityClassification>
    <trackTrending>false</trackTrending>
    <type>Text</type>
    <unique>false</unique>
</CustomField>
