<?xml version="1.0" encoding="UTF-8"?>
<CustomField xmlns="http://soap.sforce.com/2006/04/metadata">
    <fullName>ComponentType__c</fullName>
    <businessStatus>Active</businessStatus>
    <complianceGroup>None</complianceGroup>
    <deprecated>false</deprecated>
    <inlineHelpText>Indicates if the component is a lightning web component (lwc) or an aura component</inlineHelpText>
    <label>Component Type</label>
    <required>false</required>
    <securityClassification>Confidential</securityClassification>
    <trackTrending>false</trackTrending>
    <type>Picklist</type>
    <valueSet>
        <valueSetDefinition>
            <sorted>false</sorted>
            <value>
                <fullName>Aura</fullName>
                <default>false</default>
                <label>Aura</label>
            </value>
            <value>
                <fullName>LWC</fullName>
                <default>false</default>
                <label>LWC</label>
            </value>
        </valueSetDefinition>
    </valueSet>
</CustomField>
