<?xml version="1.0" encoding="UTF-8"?>
<CustomField xmlns="http://soap.sforce.com/2006/04/metadata">
    <fullName>DatabaseResultCollectionType__c</fullName>
    <businessStatus>Active</businessStatus>
    <complianceGroup>None</complianceGroup>
    <deprecated>false</deprecated>
    <label>Database Result Collection Type</label>
    <required>false</required>
    <securityClassification>Confidential</securityClassification>
    <trackTrending>false</trackTrending>
    <type>Picklist</type>
    <valueSet>
        <valueSetDefinition>
            <sorted>false</sorted>
            <value>
                <fullName>Single</fullName>
                <default>false</default>
                <label>Single Record</label>
            </value>
            <value>
                <fullName>List</fullName>
                <default>false</default>
                <label>List</label>
            </value>
        </valueSetDefinition>
    </valueSet>
</CustomField>
