<?xml version="1.0" encoding="UTF-8"?>
<CustomField xmlns="http://soap.sforce.com/2006/04/metadata">
    <fullName>DatabaseResultCollectionSize__c</fullName>
    <businessStatus>Active</businessStatus>
    <complianceGroup>None</complianceGroup>
    <deprecated>false</deprecated>
    <description>The number of items contained in the collection of database results</description>
    <externalId>false</externalId>
    <inlineHelpText>The number of items contained in the collection of database results</inlineHelpText>
    <label>Database Result Collection Size</label>
    <precision>10</precision>
    <required>false</required>
    <scale>0</scale>
    <securityClassification>Confidential</securityClassification>
    <trackTrending>false</trackTrending>
    <type>Number</type>
    <unique>false</unique>
</CustomField>
