<?xml version="1.0" encoding="UTF-8"?>
<CustomField xmlns="http://soap.sforce.com/2006/04/metadata">
    <fullName>DatabaseResultType__c</fullName>
    <businessStatus>Active</businessStatus>
    <complianceGroup>None</complianceGroup>
    <deprecated>false</deprecated>
    <label>Database Result Type</label>
    <required>false</required>
    <securityClassification>Confidential</securityClassification>
    <trackTrending>false</trackTrending>
    <type>Picklist</type>
    <valueSet>
        <valueSetDefinition>
            <sorted>false</sorted>
            <value>
                <fullName>Database.DeleteResult</fullName>
                <default>false</default>
                <label>Database.DeleteResult</label>
            </value>
            <value>
                <fullName>Database.LeadConvertResult</fullName>
                <default>false</default>
                <label>Database.LeadConvertResult</label>
            </value>
            <value>
                <fullName>Database.MergeResult</fullName>
                <default>false</default>
                <label>Database.MergeResult</label>
            </value>
            <value>
                <fullName>Database.SaveResult</fullName>
                <default>false</default>
                <label>Database.SaveResult</label>
            </value>
            <value>
                <fullName>Database.UpsertResult</fullName>
                <default>false</default>
                <label>Database.UpsertResult</label>
            </value>
            <value>
                <fullName>Database.UpsertResult.Insert</fullName>
                <default>false</default>
                <label>Database.UpsertResult.Insert</label>
            </value>
            <value>
                <fullName>Database.UpsertResult.Update</fullName>
                <default>false</default>
                <label>Database.UpsertResult.Update</label>
            </value>
            <value>
                <fullName>Database.UndeleteResult</fullName>
                <default>false</default>
                <label>Database.UndeleteResult</label>
            </value>
        </valueSetDefinition>
    </valueSet>
</CustomField>
