<?xml version="1.0" encoding="UTF-8"?>
<CustomField xmlns="http://soap.sforce.com/2006/04/metadata">
    <fullName>EntryScenarioLink__c</fullName>
    <deprecated>false</deprecated>
    <externalId>false</externalId>
    <formula>IF(
    ISBLANK(EntryScenario__c),
    EntryScenarioName__c,
    HYPERLINK(
        &apos;/&apos; + EntryScenario__c,
        EntryScenario__r.Name,
        &apos;_top&apos;
    )
)</formula>
    <formulaTreatBlanksAs>BlankAsZero</formulaTreatBlanksAs>
    <label>Entry Scenario</label>
    <required>false</required>
    <trackTrending>false</trackTrending>
    <type>Text</type>
    <unique>false</unique>
</CustomField>
