<?xml version="1.0" encoding="UTF-8"?>
<CustomField xmlns="http://soap.sforce.com/2006/04/metadata">
    <fullName>EntryScenario__c</fullName>
    <deleteConstraint>Restrict</deleteConstraint>
    <deprecated>false</deprecated>
    <label>Entry Scenario</label>
    <referenceTo>LoggerScenario__c</referenceTo>
    <relationshipLabel>Log Entries</relationshipLabel>
    <relationshipName>LogEntries</relationshipName>
    <required>false</required>
    <trackTrending>false</trackTrending>
    <type>Lookup</type>
</CustomField>
