<?xml version="1.0" encoding="UTF-8"?>
<CustomField xmlns="http://soap.sforce.com/2006/04/metadata">
    <fullName>ExceptionSourceApiVersion__c</fullName>
    <businessStatus>Active</businessStatus>
    <complianceGroup>None</complianceGroup>
    <deprecated>false</deprecated>
    <inlineHelpText>The API version for the source metadata that generated the exception</inlineHelpText>
    <label>Exception Source API Version</label>
    <required>false</required>
    <securityClassification>Confidential</securityClassification>
    <trackTrending>false</trackTrending>
    <type>Picklist</type>
    <valueSet>
        <valueSetDefinition>
            <sorted>false</sorted>
            <value>
                <fullName>v63.0</fullName>
                <default>false</default>
                <label>v63.0 - Spring&apos;25 Release</label>
            </value>
            <value>
                <fullName>v62.0</fullName>
                <default>false</default>
                <label>v62.0 - Winter&apos;25 Release</label>
            </value>
        </valueSetDefinition>
    </valueSet>
</CustomField>
