<?xml version="1.0" encoding="UTF-8"?>
<CustomField xmlns="http://soap.sforce.com/2006/04/metadata">
    <fullName>ExceptionMessage__c</fullName>
    <businessStatus>Active</businessStatus>
    <complianceGroup>None</complianceGroup>
    <deprecated>false</deprecated>
    <label>Exception Message</label>
    <length>5000</length>
    <securityClassification>Confidential</securityClassification>
    <trackTrending>false</trackTrending>
    <type>LongTextArea</type>
    <visibleLines>8</visibleLines>
</CustomField>
