<?xml version="1.0" encoding="UTF-8"?>
<CustomField xmlns="http://soap.sforce.com/2006/04/metadata">
    <fullName>ExceptionSourceCreatedByLink__c</fullName>
    <businessStatus>Active</businessStatus>
    <complianceGroup>PII;GDPR;CCPA</complianceGroup>
    <deprecated>false</deprecated>
    <externalId>false</externalId>
    <formula>HYPERLINK(
    &apos;/&apos; + ExceptionSourceCreatedById__c,
    ExceptionSourceCreatedByUsername__c,
    &apos;_top&apos;
)</formula>
    <formulaTreatBlanksAs>BlankAsZero</formulaTreatBlanksAs>
    <label>Exception Source Created By</label>
    <required>false</required>
    <securityClassification>Confidential</securityClassification>
    <trackTrending>false</trackTrending>
    <type>Text</type>
    <unique>false</unique>
</CustomField>
