<?xml version="1.0" encoding="UTF-8"?>
<CustomField xmlns="http://soap.sforce.com/2006/04/metadata">
    <fullName>HttpResponseStatusCode__c</fullName>
    <businessStatus>Active</businessStatus>
    <complianceGroup>None</complianceGroup>
    <deprecated>false</deprecated>
    <externalId>false</externalId>
    <isFilteringDisabled>false</isFilteringDisabled>
    <isNameField>false</isNameField>
    <isSortingDisabled>false</isSortingDisabled>
    <label>HTTP Response Status Code</label>
    <precision>10</precision>
    <required>false</required>
    <scale>0</scale>
    <securityClassification>Confidential</securityClassification>
    <type>Number</type>
    <unique>false</unique>
</CustomField>
