<?xml version="1.0" encoding="UTF-8"?>
<CustomField xmlns="http://soap.sforce.com/2006/04/metadata">
    <fullName>RecordId__c</fullName>
    <businessStatus>Active</businessStatus>
    <complianceGroup>None</complianceGroup>
    <deprecated>false</deprecated>
    <description>The ID of the record associated with a particular log entry. This is used for addRecordDebugEntry &amp; addRecordExceptionEntry methods</description>
    <externalId>false</externalId>
    <isFilteringDisabled>false</isFilteringDisabled>
    <isNameField>false</isNameField>
    <isSortingDisabled>false</isSortingDisabled>
    <label>Related Record ID</label>
    <length>18</length>
    <required>false</required>
    <securityClassification>Confidential</securityClassification>
    <type>Text</type>
    <unique>false</unique>
</CustomField>
