<?xml version="1.0" encoding="UTF-8"?>
<CustomField xmlns="http://soap.sforce.com/2006/04/metadata">
    <fullName>RestResponseBodyMasked__c</fullName>
    <businessStatus>Active</businessStatus>
    <complianceGroup>None</complianceGroup>
    <defaultValue>false</defaultValue>
    <deprecated>false</deprecated>
    <isFilteringDisabled>false</isFilteringDisabled>
    <isNameField>false</isNameField>
    <isSortingDisabled>false</isSortingDisabled>
    <label>REST Response Body Masked</label>
    <securityClassification>Confidential</securityClassification>
    <type>Checkbox</type>
</CustomField>
