<?xml version="1.0" encoding="UTF-8"?>
<CustomField xmlns="http://soap.sforce.com/2006/04/metadata">
    <fullName>RestRequestBody__c</fullName>
    <businessStatus>Active</businessStatus>
    <complianceGroup>None</complianceGroup>
    <deprecated>false</deprecated>
    <isFilteringDisabled>false</isFilteringDisabled>
    <isNameField>false</isNameField>
    <isSortingDisabled>false</isSortingDisabled>
    <label>REST Request Body</label>
    <length>131072</length>
    <securityClassification>Confidential</securityClassification>
    <type>LongTextArea</type>
    <visibleLines>5</visibleLines>
</CustomField>
