<?xml version="1.0" encoding="UTF-8"?>
<CustomField xmlns="http://soap.sforce.com/2006/04/metadata">
    <fullName>TimestampString__c</fullName>
    <businessStatus>Active</businessStatus>
    <complianceGroup>None</complianceGroup>
    <deprecated>false</deprecated>
    <description>This field is used to circumvent a platform limitation - platform event datetimes are not accurately transferred to Apex triggers. This field stores a string version of the timestamp, which is then converted back to a datetime in Apex triggers.</description>
    <externalId>false</externalId>
    <isFilteringDisabled>false</isFilteringDisabled>
    <isNameField>false</isNameField>
    <isSortingDisabled>false</isSortingDisabled>
    <label>Timestamp String</label>
    <length>40</length>
    <required>false</required>
    <securityClassification>Confidential</securityClassification>
    <type>Text</type>
    <unique>false</unique>
</CustomField>
