<?xml version="1.0" encoding="UTF-8"?>
<CustomField xmlns="http://soap.sforce.com/2006/04/metadata">
    <fullName>UserLoggingLevel__c</fullName>
    <businessStatus>Active</businessStatus>
    <complianceGroup>PII;GDPR;CCPA</complianceGroup>
    <deprecated>false</deprecated>
    <externalId>false</externalId>
    <isFilteringDisabled>false</isFilteringDisabled>
    <isNameField>false</isNameField>
    <isSortingDisabled>false</isSortingDisabled>
    <label>User Logging Level</label>
    <length>255</length>
    <required>false</required>
    <securityClassification>Confidential</securityClassification>
    <type>Text</type>
    <unique>false</unique>
</CustomField>
