<?xml version="1.0" encoding="UTF-8"?>
<ListView xmlns="http://soap.sforce.com/2006/04/metadata">
    <fullName>AllImpersonatedLogEntryTags</fullName>
    <columns>NAME</columns>
    <columns>Tag__c</columns>
    <columns>LogEntry__c</columns>
    <columns>LogLink__c</columns>
    <columns>LoggedByUsernameLink__c</columns>
    <columns>ProfileLink__c</columns>
    <columns>ImpersonatedByUsernameLink__c</columns>
    <columns>LogEntryOrigin__c</columns>
    <columns>LogEntryTimestamp__c</columns>
    <filterScope>Everything</filterScope>
    <filters>
        <field>ImpersonatedByUsernameLink__c</field>
        <operation>notEqual</operation>
    </filters>
    <label>All Impersonated Log Entry Tags</label>
</ListView>
