<?xml version="1.0" encoding="UTF-8"?>
<LightningComponentBundle xmlns="http://soap.sforce.com/2006/04/metadata">
    <apiVersion>62.0</apiVersion>
    <isExposed>true</isExposed>
    <masterLabel>CFS Logger: Logger Home Header</masterLabel>
    <description
    >Header component used on the Logger Console home page. This provides access to resources for configuring &amp; using CFS Logger</description>
    <targets>
        <target>lightning__HomePage</target>
    </targets>
</LightningComponentBundle>