<?xml version="1.0" encoding="UTF-8"?>
<LightningComponentBundle xmlns="http://soap.sforce.com/2006/04/metadata">
    <apiVersion>62.0</apiVersion>
    <isExposed>true</isExposed>
    <masterLabel>CFS Logger: Log Entry Metadata Viewer</masterLabel>
    <targets><target>lightning__RecordPage</target></targets>
    <targetConfigs>
        <targetConfig targets="lightning__RecordPage">
            <objects>
                <object>LogEntry__c</object>
            </objects>
            <property name="sourceMetadata" label="Source Metadata" required="true" type="String" datasource="Origin,Exception" />
        </targetConfig>
    </targetConfigs>
</LightningComponentBundle>