<?xml version="1.0" encoding="UTF-8"?>
<CustomField xmlns="http://soap.sforce.com/2006/04/metadata">
    <fullName>LogEntryTimestamp__c</fullName>
    <businessStatus>Active</businessStatus>
    <complianceGroup>None</complianceGroup>
    <deprecated>false</deprecated>
    <formula>LogEntry__r.Timestamp__c</formula>
    <formulaTreatBlanksAs>BlankAsZero</formulaTreatBlanksAs>
    <label>Log Entry Timestamp</label>
    <required>false</required>
    <securityClassification>Confidential</securityClassification>
    <trackHistory>false</trackHistory>
    <trackTrending>false</trackTrending>
    <type>DateTime</type>
</CustomField>
