<?xml version="1.0" encoding="UTF-8"?>
<CustomField xmlns="http://soap.sforce.com/2006/04/metadata">
    <fullName>LoggedByUsernameLink__c</fullName>
    <businessStatus>Active</businessStatus>
    <complianceGroup>PII;GDPR;CCPA</complianceGroup>
    <deprecated>false</deprecated>
    <externalId>false</externalId>
    <formula>LogEntry__r.LoggedByUsernameLink__c</formula>
    <formulaTreatBlanksAs>BlankAsZero</formulaTreatBlanksAs>
    <label>Username</label>
    <required>false</required>
    <securityClassification>Confidential</securityClassification>
    <trackHistory>false</trackHistory>
    <trackTrending>false</trackTrending>
    <type>Text</type>
    <unique>false</unique>
</CustomField>
