<?xml version="1.0" encoding="UTF-8"?>
<CustomField xmlns="http://soap.sforce.com/2006/04/metadata">
    <fullName>Tag__c</fullName>
    <businessStatus>Active</businessStatus>
    <complianceGroup>None</complianceGroup>
    <deprecated>false</deprecated>
    <label>Logger Tag</label>
    <referenceTo>LoggerTag__c</referenceTo>
    <relationshipLabel>Tagged Log Entries</relationshipLabel>
    <relationshipName>LogEntryTags</relationshipName>
    <relationshipOrder>1</relationshipOrder>
    <reparentableMasterDetail>false</reparentableMasterDetail>
    <securityClassification>Confidential</securityClassification>
    <trackHistory>false</trackHistory>
    <trackTrending>false</trackTrending>
    <type>MasterDetail</type>
    <writeRequiresMasterRead>false</writeRequiresMasterRead>
</CustomField>
