<?xml version="1.0" encoding="UTF-8"?>
<CustomField xmlns="http://soap.sforce.com/2006/04/metadata">
    <fullName>UniqueId__c</fullName>
    <businessStatus>Active</businessStatus>
    <caseSensitive>false</caseSensitive>
    <complianceGroup>None</complianceGroup>
    <deprecated>false</deprecated>
    <description>An external ID field used to ensure that Log Entry Tag records are unique</description>
    <externalId>true</externalId>
    <inlineHelpText>An external ID field used to ensure that Log Entry Tag records are unique</inlineHelpText>
    <label>Unique ID</label>
    <length>255</length>
    <required>false</required>
    <securityClassification>Confidential</securityClassification>
    <trackHistory>false</trackHistory>
    <trackTrending>false</trackTrending>
    <type>Text</type>
    <unique>true</unique>
</CustomField>
