<?xml version="1.0" encoding="UTF-8"?>
<CustomMetadata xmlns="http://soap.sforce.com/2006/04/metadata" xmlns:xsi="http://www.w3.org/2001/XMLSchema-instance" xmlns:xsd="http://www.w3.org/2001/XMLSchema">
    <label>System.debug() Message Format</label>
    <protected>true</protected>
    <values>
        <field>Comments__c</field>
        <value xsi:nil="true"/>
    </values>
    <values>
        <field>Description__c</field>
        <value xsi:type="xsd:string">Controls the format of the Apex Log System Debug messages with fields from LogEntryEvent__e</value>
    </values>
    <values>
        <field>Value__c</field>
        <value xsi:type="xsd:string">{OriginLocation__c}\n{Message__c}</value>
    </values>
</CustomMetadata>
