<?xml version="1.0" encoding="UTF-8"?>
<CustomMetadata xmlns="http://soap.sforce.com/2006/04/metadata" xmlns:xsi="http://www.w3.org/2001/XMLSchema-instance" xmlns:xsd="http://www.w3.org/2001/XMLSchema">
    <label>Enable Tagging</label>
    <protected>false</protected>
    <values>
        <field>Comments__c</field>
        <value xsi:nil="true"/>
    </values>
    <values>
        <field>Description__c</field>
        <value xsi:type="xsd:string">When set to &apos;true&apos; (default), any log entry tags will be saved in your org. Depending on your org&apos;s configuration, tags are either stored in LoggerTag__c and LogEntryTag__c objects (default), or using the standard objects Topic and TopicAssignment (not supported in the managed package).

When set to &apos;false&apos;, tags are not stored in your org.</value>
    </values>
    <values>
        <field>Value__c</field>
        <value xsi:type="xsd:string">true</value>
    </values>
</CustomMetadata>
