<?xml version="1.0" encoding="UTF-8"?>
<CustomMetadata xmlns="http://soap.sforce.com/2006/04/metadata" xmlns:xsi="http://www.w3.org/2001/XMLSchema-instance" xmlns:xsd="http://www.w3.org/2001/XMLSchema">
    <label>Normalize Tag Data</label>
    <protected>false</protected>
    <values>
        <field>Comments__c</field>
        <value xsi:nil="true"/>
    </values>
    <values>
        <field>Description__c</field>
        <value xsi:type="xsd:string">When set to &apos;true&apos; (default), any tags specified via LogEntryEventBuilder.addTag() or LogEntryEventBuilder.addTags() will be stored in the custom objects LogEntryTag__c and LoggerTag__c.

When set to &apos;false&apos;, tags are only stored in the long text area field LogEntry__c.Tags__c.</value>
    </values>
    <values>
        <field>Value__c</field>
        <value xsi:type="xsd:string">true</value>
    </values>
</CustomMetadata>
