<?xml version="1.0" encoding="UTF-8"?>
<CustomMetadata xmlns="http://soap.sforce.com/2006/04/metadata" xmlns:xsi="http://www.w3.org/2001/XMLSchema-instance" xmlns:xsd="http://www.w3.org/2001/XMLSchema">
    <label>Enable Logger System Messages</label>
    <protected>false</protected>
    <values>
        <field>Comments__c</field>
        <value xsi:nil="true"/>
    </values>
    <values>
        <field>Description__c</field>
        <value xsi:type="xsd:string">When enabled, log entries may be generated that contain additional details about the logging system.</value>
    </values>
    <values>
        <field>Value__c</field>
        <value xsi:type="xsd:string">true</value>
    </values>
</CustomMetadata>
