<?xml version="1.0" encoding="UTF-8"?>
<CustomMetadata xmlns="http://soap.sforce.com/2006/04/metadata" xmlns:xsi="http://www.w3.org/2001/XMLSchema-instance" xmlns:xsd="http://www.w3.org/2001/XMLSchema">
    <label>LogEntryEventHandler config</label>
    <protected>false</protected>
    <values>
        <field>IsEnabled__c</field>
        <value xsi:type="xsd:boolean">true</value>
    </values>
    <values>
        <field>SObjectHandlerApexClass__c</field>
        <value xsi:type="xsd:string">LogEntryEventHandler</value>
    </values>
    <values>
        <field>SObjectTypeOverride__c</field>
        <value xsi:nil="true"/>
    </values>
    <values>
        <field>SObjectType__c</field>
        <value xsi:type="xsd:string">LogEntryEvent__e</value>
    </values>
</CustomMetadata>
