<?xml version="1.0" encoding="UTF-8"?>
<CustomMetadata xmlns="http://soap.sforce.com/2006/04/metadata" xmlns:xsi="http://www.w3.org/2001/XMLSchema-instance" xmlns:xsd="http://www.w3.org/2001/XMLSchema">
    <label>Platform Cache Partition Name</label>
    <protected>false</protected>
    <values>
        <field>Comments__c</field>
        <value xsi:nil="true"/>
    </values>
    <values>
        <field>Description__c</field>
        <value xsi:type="xsd:string">Indicates the name of the Platform Cache partition to use for caching (when platform cache is enabled).

By default, the included cache partition &apos;LoggerCache&apos; is used.</value>
    </values>
    <values>
        <field>Value__c</field>
        <value xsi:type="xsd:string">LoggerCache</value>
    </values>
</CustomMetadata>
