[{"_allAttributes":null,"_properties":null,"_methods":null,"file":"e:/PlaygroundOrg_1.2/force-app/main/default/lwc/logBatchPurge/logBatchPurge.js","metadata":{"decorators":[],"classMembers":[{"name":"showLoadingSpinner","type":"property","value":{"type":"boolean","value":false},"loc":{"start":{"line":14,"column":2},"end":{"line":14,"column":29}}},{"name":"title","type":"property","value":{"type":"string","value":"Log Batch Purge"},"loc":{"start":{"line":15,"column":2},"end":{"line":15,"column":28}}},{"name":"logObjectSchema","type":"property","loc":{"start":{"line":18,"column":2},"end":{"line":18,"column":18}}},{"name":"logEntryObjectSchema","type":"property","loc":{"start":{"line":19,"column":2},"end":{"line":19,"column":23}}},{"name":"logEntryTagObjectSchema","type":"property","loc":{"start":{"line":20,"column":2},"end":{"line":20,"column":26}}},{"name":"metricsResult","type":"property","loc":{"start":{"line":22,"column":2},"end":{"line":22,"column":16}}},{"name":"metricsColumns","type":"property","loc":{"start":{"line":23,"column":2},"end":{"line":23,"column":22}}},{"name":"metricsRecords","type":"property","loc":{"start":{"line":24,"column":2},"end":{"line":24,"column":22}}},{"name":"purgeActionOptions","type":"property","loc":{"start":{"line":25,"column":2},"end":{"line":25,"column":21}}},{"name":"selectedDateFilterOption","type":"property","value":{"type":"string","value":"TODAY"},"loc":{"start":{"line":28,"column":2},"end":{"line":28,"column":37}}},{"name":"dateFilterOptions","type":"property","loc":{"start":{"line":29,"column":2},"end":{"line":33,"column":4}}},{"name":"purgeBatchColumns","type":"property","loc":{"start":{"line":36,"column":2},"end":{"line":36,"column":25}}},{"name":"purgeBatchJobRecords","type":"property","loc":{"start":{"line":37,"column":2},"end":{"line":37,"column":28}}},{"name":"disableRunPurgeButton","type":"property","loc":{"start":{"line":38,"column":2},"end":{"line":38,"column":24}}},{"name":"connectedCallback","type":"method","loc":{"start":{"line":42,"column":2},"end":{"line":50,"column":3}}},{"name":"loadMetricRecords","type":"method","loc":{"start":{"line":52,"column":2},"end":{"line":107,"column":3}}},{"name":"loadPurgeBatchColumns","type":"method","loc":{"start":{"line":109,"column":2},"end":{"line":148,"column":3}}},{"name":"loadPurgeBatchJobRecords","type":"method","loc":{"start":{"line":150,"column":2},"end":{"line":163,"column":3}}},{"name":"runBatchPurge","type":"method","loc":{"start":{"line":165,"column":2},"end":{"line":187,"column":3}}},{"name":"refreshPurgeBatchRecords","type":"method","loc":{"start":{"line":189,"column":2},"end":{"line":191,"column":3}}},{"name":"onChangeDateFilter","type":"method","loc":{"start":{"line":193,"column":2},"end":{"line":196,"column":3}}},{"name":"pollPurgeBatchJobRecords","type":"method","loc":{"start":{"line":198,"column":2},"end":{"line":205,"column":3}}}],"declarationLoc":{"start":{"line":12,"column":0},"end":{"line":220,"column":1}},"doc":"","exports":[{"type":"ExportDefaultDeclaration"}]},"updatedAt":"2024-12-23T12:49:27.747Z"},{"_allAttributes":null,"_properties":null,"_methods":null,"file":"e:/PlaygroundOrg_1.2/force-app/main/default/lwc/logEntryEventStream/logEntryEventStream.js","metadata":{"decorators":[],"classMembers":[{"name":"unfilteredEvents","type":"property","loc":{"start":{"line":8,"column":2},"end":{"line":8,"column":24}}},{"name":"logEntryEvents","type":"property","loc":{"start":{"line":10,"column":2},"end":{"line":10,"column":22}}},{"name":"isEnabled","type":"property","value":{"type":"boolean","value":true},"loc":{"start":{"line":11,"column":2},"end":{"line":11,"column":19}}},{"name":"isExpanded","type":"property","value":{"type":"boolean","value":false},"loc":{"start":{"line":12,"column":2},"end":{"line":12,"column":21}}},{"name":"isStreamEnabled","type":"property","value":{"type":"boolean","value":true},"loc":{"start":{"line":13,"column":2},"end":{"line":13,"column":25}}},{"name":"isStreamSettingExpanded","type":"property","value":{"type":"boolean","value":true},"loc":{"start":{"line":14,"column":2},"end":{"line":14,"column":33}}},{"name":"isConsoleViewEnabled","type":"property","value":{"type":"boolean","value":true},"loc":{"start":{"line":15,"column":2},"end":{"line":15,"column":30}}},{"name":"selectViewMenuIcon","type":"property","value":{"type":"string","value":"utility:apex"},"loc":{"start":{"line":16,"column":2},"end":{"line":16,"column":38}}},{"name":"selectViewMenuOptions","type":"property","loc":{"start":{"line":17,"column":2},"end":{"line":32,"column":4}}},{"name":"tableViewDisplayFields","type":"property","loc":{"start":{"line":35,"column":2},"end":{"line":35,"column":30}}},{"name":"DEFAULT_DATATABLE_COLUMNS","type":"property","loc":{"start":{"line":36,"column":2},"end":{"line":36,"column":124}}},{"name":"datatableColumns","type":"property","loc":{"start":{"line":37,"column":2},"end":{"line":37,"column":24}}},{"name":"loggedByFilter","type":"property","loc":{"start":{"line":40,"column":2},"end":{"line":40,"column":17}}},{"name":"loggingLevelFilter","type":"property","loc":{"start":{"line":41,"column":2},"end":{"line":41,"column":21}}},{"name":"messageFilter","type":"property","loc":{"start":{"line":42,"column":2},"end":{"line":42,"column":16}}},{"name":"originTypeFilter","type":"property","loc":{"start":{"line":43,"column":2},"end":{"line":43,"column":19}}},{"name":"originLocationFilter","type":"property","loc":{"start":{"line":44,"column":2},"end":{"line":44,"column":23}}},{"name":"scenarioFilter","type":"property","loc":{"start":{"line":45,"column":2},"end":{"line":45,"column":17}}},{"name":"maxEventsToDisplay","type":"property","loc":{"start":{"line":46,"column":2},"end":{"line":46,"column":26}}},{"name":"maxEventsToStream","type":"property","loc":{"start":{"line":47,"column":2},"end":{"line":47,"column":26}}},{"name":"connectedCallback","type":"method","loc":{"start":{"line":57,"column":2},"end":{"line":71,"column":3}}},{"name":"disconnectedCallback","type":"method","loc":{"start":{"line":73,"column":2},"end":{"line":75,"column":3}}},{"name":"title","type":"property","loc":{"start":{"line":77,"column":2},"end":{"line":84,"column":3}}},{"name":"eventDeliveryUsageSummary","type":"property","loc":{"start":{"line":86,"column":2},"end":{"line":88,"column":3}}},{"name":"eventDeliveryPercent","type":"property","loc":{"start":{"line":90,"column":2},"end":{"line":97,"column":3}}},{"name":"eventDeliveryProgressVariant","type":"property","loc":{"start":{"line":99,"column":2},"end":{"line":108,"column":3}}},{"name":"maxEventsToStreamHelp","type":"property","loc":{"start":{"line":110,"column":2},"end":{"line":116,"column":3}}},{"name":"disabledWarningMessage","type":"property","loc":{"start":{"line":118,"column":2},"end":{"line":120,"column":3}}},{"name":"isDisabled","type":"property","loc":{"start":{"line":122,"column":2},"end":{"line":124,"column":3}}},{"name":"streamButtonVariant","type":"property","loc":{"start":{"line":126,"column":2},"end":{"line":128,"column":3}}},{"name":"loggingLevelOptions","type":"property","loc":{"start":{"line":130,"column":2},"end":{"line":141,"column":3}}},{"name":"originTypeOptions","type":"property","loc":{"start":{"line":143,"column":2},"end":{"line":150,"column":3}}},{"name":"splitViewLabel","type":"property","loc":{"start":{"line":152,"column":2},"end":{"line":154,"column":3}}},{"name":"loadDatatableColumns","type":"method","loc":{"start":{"line":156,"column":2},"end":{"line":173,"column":3}}},{"name":"createSubscription","type":"method","loc":{"start":{"line":175,"column":2},"end":{"line":212,"column":3}}},{"name":"cancelSubscription","type":"method","loc":{"start":{"line":214,"column":2},"end":{"line":216,"column":3}}},{"name":"handleFilterChange","type":"method","loc":{"start":{"line":218,"column":2},"end":{"line":221,"column":3}}},{"name":"handleMaxEventsStreamedChange","type":"method","loc":{"start":{"line":223,"column":2},"end":{"line":225,"column":3}}},{"name":"handleMaxEventsToDisplayChange","type":"method","loc":{"start":{"line":227,"column":2},"end":{"line":230,"column":3}}},{"name":"onClear","type":"method","loc":{"start":{"line":232,"column":2},"end":{"line":235,"column":3}}},{"name":"onToggleExpand","type":"method","loc":{"start":{"line":237,"column":2},"end":{"line":241,"column":3}}},{"name":"onSelectView","type":"method","loc":{"start":{"line":243,"column":2},"end":{"line":252,"column":3}}},{"name":"onToggleSplitView","type":"method","loc":{"start":{"line":254,"column":2},"end":{"line":265,"column":3}}},{"name":"onToggleStream","type":"method","loc":{"start":{"line":267,"column":2},"end":{"line":271,"column":3}}}],"declarationLoc":{"start":{"line":7,"column":0},"end":{"line":338,"column":1}},"doc":"","exports":[{"type":"ExportDefaultDeclaration"}]},"updatedAt":"2024-12-23T12:49:28.085Z"},{"_allAttributes":null,"_properties":null,"_methods":null,"file":"e:/PlaygroundOrg_1.2/force-app/main/default/lwc/logEntryMetadataViewer/logEntryMetadataViewer.js","metadata":{"decorators":[{"type":"api","targets":[{"name":"recordId","type":"property","value":{"type":"unresolved"}},{"name":"sourceMetadata","type":"property","value":{"type":"unresolved"}}]},{"type":"wire","targets":[{"type":"method","name":"wiredGetLogEntry","static":{"fields":{"type":"array","value":[null,null,null,null,null,null,null,null]}},"params":{"recordId":"recordId"},"adapter":{"name":"getRecord","reference":"lightning/uiRecordApi"}}]}],"classMembers":[{"name":"recordId","type":"property","value":{"type":"unresolved"},"decorator":"api","loc":{"start":{"line":27,"column":2},"end":{"line":27,"column":16}}},{"name":"sourceMetadata","type":"property","value":{"type":"unresolved"},"decorator":"api","loc":{"start":{"line":28,"column":2},"end":{"line":28,"column":22}}},{"name":"objectApiName","type":"property","value":{"type":"unresolved"},"loc":{"start":{"line":30,"column":2},"end":{"line":30,"column":35}}},{"name":"hasLoaded","type":"property","value":{"type":"boolean","value":false},"loc":{"start":{"line":31,"column":2},"end":{"line":31,"column":20}}},{"name":"sourceSnippet","type":"property","loc":{"start":{"line":32,"column":2},"end":{"line":32,"column":16}}},{"name":"showFullSourceMetadataModal","type":"property","value":{"type":"boolean","value":false},"loc":{"start":{"line":34,"column":2},"end":{"line":34,"column":38}}},{"name":"showSourceMetadataModifiedWarning","type":"property","value":{"type":"boolean","value":false},"loc":{"start":{"line":35,"column":2},"end":{"line":35,"column":44}}},{"name":"fullSourceMetadataTitle","type":"property","loc":{"start":{"line":36,"column":2},"end":{"line":36,"column":26}}},{"name":"fullSourceMetadata","type":"property","loc":{"start":{"line":37,"column":2},"end":{"line":37,"column":21}}},{"name":"sectionTitle","type":"property","loc":{"start":{"line":42,"column":2},"end":{"line":49,"column":3}}},{"name":"hasFullSourceMetadata","type":"property","loc":{"start":{"line":51,"column":2},"end":{"line":53,"column":3}}},{"name":"fullSourceModalNotificationClasses","type":"property","loc":{"start":{"line":55,"column":2},"end":{"line":59,"column":3}}},{"name":"fullSourceModalNotificationIcon","type":"property","loc":{"start":{"line":61,"column":2},"end":{"line":63,"column":3}}},{"name":"fullSourceModalNotificationMessage","type":"property","loc":{"start":{"line":65,"column":2},"end":{"line":69,"column":3}}},{"name":"wiredGetLogEntry","type":"method","decorator":"wire","loc":{"start":{"line":71,"column":2},"end":{"line":100,"column":3}}},{"name":"handleShowFullSourceMetadataModal","type":"method","loc":{"start":{"line":102,"column":2},"end":{"line":107,"column":3}}},{"name":"handleHideFullSourceMetadataModal","type":"method","loc":{"start":{"line":109,"column":2},"end":{"line":111,"column":3}}},{"name":"handleKeyDown","type":"method","loc":{"start":{"line":113,"column":2},"end":{"line":117,"column":3}}}],"declarationLoc":{"start":{"line":26,"column":0},"end":{"line":152,"column":1}},"doc":"","exports":[{"type":"ExportDefaultDeclaration"}]},"updatedAt":"2024-12-23T12:49:28.304Z"},{"_allAttributes":null,"_properties":null,"_methods":null,"file":"e:/PlaygroundOrg_1.2/force-app/main/default/lwc/logger/logger.js","metadata":{"decorators":[{"type":"api","targets":[{"type":"method","name":"getUserSettings"},{"type":"method","name":"setScenario"},{"type":"method","name":"exception"},{"type":"method","name":"error"},{"type":"method","name":"warn"},{"type":"method","name":"info"},{"type":"method","name":"debug"},{"type":"method","name":"fine"},{"type":"method","name":"finer"},{"type":"method","name":"finest"},{"type":"method","name":"getBufferSize"},{"type":"method","name":"flushBuffer"},{"type":"method","name":"saveLog"}]}],"classMembers":[{"name":"connectedCallback","type":"method","loc":{"start":{"line":7,"column":2},"end":{"line":9,"column":3}}},{"name":"getUserSettings","type":"method","decorator":"api","doc":"*\n   * @description Returns **read-only** information about the current user's settings, stored in `LoggerSettings__c`\n   * @return {ComponentLogger.ComponentLoggerSettings} The current user's instance of the Apex class `ComponentLogger.ComponentLoggerSettings`\n   ","loc":{"start":{"line":15,"column":2},"end":{"line":18,"column":3}}},{"name":"setField","type":"method","doc":"*\n   * @description Sets multiple field values on the builder's `LogEntryEvent__e` record\n   * @param  {Object} fieldToValue An object containing the custom field name as a key, with the corresponding value to store.\n   *                      Example: `{\"SomeField__c\": \"some value\", \"AnotherField__c\": \"another value\"}`\n   ","loc":{"start":{"line":25,"column":2},"end":{"line":27,"column":3}}},{"name":"setScenario","type":"method","decorator":"api","doc":"*\n   * @description Sets the scenario name for the current transaction - this is stored in `LogEntryEvent__e.Scenario__c`\n   *              and `Log__c.Scenario__c`, and can be used to filter & group logs\n   * @param  {String} scenario The name to use for the current transaction's scenario\n   ","loc":{"start":{"line":34,"column":2},"end":{"line":37,"column":3}}},{"name":"exception","type":"method","decorator":"api","doc":"*\n   * @description Creates a new log entry with logging level == `LoggingLevel.ERROR`,\n   *              automatically saves the log, and then throws the provided exception\n   * @param {String} message The string to use to set the entry's message field\n   * @param {Error} exception The instance of a JavaScript `Error` object to use, or an Apex HTTP error to use\n   * @return {LogEntryBuilder} The new entry's instance of `LogEntryEventBuilder`, useful for chaining methods\n   ","loc":{"start":{"line":46,"column":2},"end":{"line":51,"column":3}}},{"name":"error","type":"method","decorator":"api","doc":"*\n   * @description Creates a new log entry with logging level == `LoggingLevel.ERROR`\n   * @param {String} message The string to use to set the entry's message field\n   * @return {LogEntryBuilder} The new entry's instance of `LogEntryEventBuilder`, useful for chaining methods\n   ","loc":{"start":{"line":58,"column":2},"end":{"line":63,"column":3}}},{"name":"warn","type":"method","decorator":"api","doc":"*\n   * @description Creates a new log entry with logging level == `LoggingLevel.WARN`\n   * @param {String} message The string to use to set the entry's message field\n   * @return {LogEntryBuilder} The new entry's instance of `LogEntryEventBuilder`, useful for chaining methods\n   ","loc":{"start":{"line":70,"column":2},"end":{"line":75,"column":3}}},{"name":"info","type":"method","decorator":"api","doc":"*\n   * @description Creates a new log entry with logging level == `LoggingLevel.INFO`\n   * @param {String} message The string to use to set the entry's message field\n   * @return {LogEntryBuilder} The new entry's instance of `LogEntryEventBuilder`, useful for chaining methods\n   ","loc":{"start":{"line":82,"column":2},"end":{"line":87,"column":3}}},{"name":"debug","type":"method","decorator":"api","doc":"*\n   * @description Creates a new log entry with logging level == `LoggingLevel.DEBUG`\n   * @param {String} message The string to use to set the entry's message field\n   * @return {LogEntryBuilder} The new entry's instance of `LogEntryEventBuilder`, useful for chaining methods\n   ","loc":{"start":{"line":94,"column":2},"end":{"line":99,"column":3}}},{"name":"fine","type":"method","decorator":"api","doc":"*\n   * @description Creates a new log entry with logging level == `LoggingLevel.FINE`\n   * @param {String} message The string to use to set the entry's message field\n   * @return {LogEntryBuilder} The new entry's instance of `LogEntryEventBuilder`, useful for chaining methods\n   ","loc":{"start":{"line":106,"column":2},"end":{"line":111,"column":3}}},{"name":"finer","type":"method","decorator":"api","doc":"*\n   * @description Creates a new log entry with logging level == `LoggingLevel.FINER`\n   * @param {String} message The string to use to set the entry's message field\n   * @return {LogEntryBuilder} The new entry's instance of `LogEntryEventBuilder`, useful for chaining methods\n   ","loc":{"start":{"line":118,"column":2},"end":{"line":123,"column":3}}},{"name":"finest","type":"method","decorator":"api","doc":"*\n   * @description Creates a new log entry with logging level == `LoggingLevel.FINEST`\n   * @param {String} message The string to use to set the entry's message field\n   * @return {LogEntryBuilder} The new entry's instance of `LogEntryEventBuilder`, useful for chaining methods\n   ","loc":{"start":{"line":130,"column":2},"end":{"line":135,"column":3}}},{"name":"getBufferSize","type":"method","decorator":"api","doc":"*\n   * @description Returns the number of entries that have been generated but not yet saved\n   * @return {Integer} The buffer's current size\n   ","loc":{"start":{"line":141,"column":2},"end":{"line":144,"column":3}}},{"name":"flushBuffer","type":"method","decorator":"api","doc":"*\n   * @description Discards any entries that have been generated but not yet saved\n   ","loc":{"start":{"line":149,"column":2},"end":{"line":152,"column":3}}},{"name":"saveLog","type":"method","decorator":"api","doc":"*\n   * @description Saves any entries in Logger's buffer, using the specified save method for only this call\n   *              All subsequent calls to saveLog() will use the transaction save method\n   * @param  {String} saveMethod The enum value of Logger.SaveMethod to use for this specific save action\n   ","loc":{"start":{"line":159,"column":2},"end":{"line":162,"column":3}}}],"declarationLoc":{"start":{"line":4,"column":0},"end":{"line":163,"column":1}},"doc":"","exports":[{"type":"ExportDefaultDeclaration"},{"type":"ExportNamedDeclaration","value":"createLogger"},{"type":"ExportNamedDeclaration","value":"getLogger"}]},"updatedAt":"2024-12-23T12:49:28.449Z"},{"_allAttributes":null,"_properties":null,"_methods":null,"file":"e:/PlaygroundOrg_1.2/force-app/main/default/lwc/loggerCodeViewer/loggerCodeViewer.js","metadata":{"decorators":[{"type":"api","targets":[{"name":"code","type":"property","value":{"type":"unresolved"}},{"name":"language","type":"property","value":{"type":"unresolved"}},{"name":"startingLineNumber","type":"property","value":{"type":"unresolved"}},{"name":"targetLineNumber","type":"property","value":{"type":"unresolved"}}]}],"classMembers":[{"name":"code","type":"property","value":{"type":"unresolved"},"decorator":"api","loc":{"start":{"line":6,"column":2},"end":{"line":6,"column":12}}},{"name":"language","type":"property","value":{"type":"unresolved"},"decorator":"api","loc":{"start":{"line":7,"column":2},"end":{"line":7,"column":16}}},{"name":"startingLineNumber","type":"property","value":{"type":"unresolved"},"decorator":"api","loc":{"start":{"line":8,"column":2},"end":{"line":8,"column":26}}},{"name":"targetLineNumber","type":"property","value":{"type":"unresolved"},"decorator":"api","loc":{"start":{"line":9,"column":2},"end":{"line":9,"column":24}}},{"name":"isLoaded","type":"property","value":{"type":"boolean","value":false},"loc":{"start":{"line":11,"column":2},"end":{"line":11,"column":19}}},{"name":"renderedCallback","type":"method","loc":{"start":{"line":15,"column":2},"end":{"line":36,"column":3}}}],"declarationLoc":{"start":{"line":5,"column":0},"end":{"line":37,"column":1}},"doc":"","exports":[{"type":"ExportDefaultDeclaration"}]},"updatedAt":"2024-12-23T12:49:28.765Z"},{"_allAttributes":null,"_properties":null,"_methods":null,"file":"e:/PlaygroundOrg_1.2/force-app/main/default/lwc/loggerHomeHeader/loggerHomeHeader.js","metadata":{"decorators":[{"type":"wire","targets":[{"type":"method","name":"wiredEnvironmentDetails","static":{},"params":{},"adapter":{"name":"getEnvironmentDetails","reference":"@salesforce/apex/LoggerHomeHeaderController.getEnvironmentDetails"}}]}],"classMembers":[{"name":"environment","type":"property","value":{"type":"object","value":{}},"loc":{"start":{"line":8,"column":2},"end":{"line":8,"column":19}}},{"name":"showEnvironmentDetailsModal","type":"property","value":{"type":"boolean","value":false},"loc":{"start":{"line":9,"column":2},"end":{"line":9,"column":38}}},{"name":"wiredEnvironmentDetails","type":"method","decorator":"wire","loc":{"start":{"line":11,"column":2},"end":{"line":16,"column":3}}},{"name":"title","type":"property","loc":{"start":{"line":18,"column":2},"end":{"line":24,"column":3}}},{"name":"enabledPluginsSummary","type":"property","loc":{"start":{"line":26,"column":2},"end":{"line":32,"column":3}}},{"name":"environmentDetailsButtonLabel","type":"property","loc":{"start":{"line":34,"column":2},"end":{"line":36,"column":3}}},{"name":"showReleaseNotesButton","type":"property","loc":{"start":{"line":38,"column":2},"end":{"line":40,"column":3}}},{"name":"releaseNotesButtonLabel","type":"property","loc":{"start":{"line":42,"column":2},"end":{"line":44,"column":3}}},{"name":"handleViewEnvironmentDetails","type":"method","loc":{"start":{"line":46,"column":2},"end":{"line":48,"column":3}}},{"name":"handleCloseEnvironmentDetailsModal","type":"method","loc":{"start":{"line":50,"column":2},"end":{"line":52,"column":3}}},{"name":"handleViewStatusSite","type":"method","loc":{"start":{"line":54,"column":2},"end":{"line":62,"column":3}}},{"name":"handleKeyDown","type":"method","loc":{"start":{"line":64,"column":2},"end":{"line":68,"column":3}}}],"declarationLoc":{"start":{"line":7,"column":0},"end":{"line":69,"column":1}},"doc":"","exports":[{"type":"ExportDefaultDeclaration"}]},"updatedAt":"2024-12-23T12:49:28.899Z"},{"_allAttributes":null,"_properties":null,"_methods":null,"file":"e:/PlaygroundOrg_1.2/force-app/main/default/lwc/loggerPageSection/loggerPageSection.js","metadata":{"decorators":[],"classMembers":[{"name":"sectionToggleClass","type":"property","loc":{"start":{"line":6,"column":2},"end":{"line":10,"column":3}}},{"name":"sectionToggleIcon","type":"property","loc":{"start":{"line":12,"column":2},"end":{"line":14,"column":3}}},{"name":"toggleSection","type":"method","loc":{"start":{"line":16,"column":2},"end":{"line":18,"column":3}}}],"declarationLoc":{"start":{"line":3,"column":0},"end":{"line":19,"column":1}},"doc":"","exports":[{"type":"ExportDefaultDeclaration"}]},"updatedAt":"2024-12-23T12:49:29.052Z"},{"_allAttributes":null,"_properties":null,"_methods":null,"file":"e:/PlaygroundOrg_1.2/force-app/main/default/lwc/loggerSettings/loggerSettings.js","metadata":{"decorators":[],"classMembers":[{"name":"title","type":"property","value":{"type":"string","value":"Logger Settings"},"loc":{"start":{"line":21,"column":2},"end":{"line":21,"column":28}}},{"name":"columns","type":"property","loc":{"start":{"line":22,"column":2},"end":{"line":22,"column":10}}},{"name":"isReadOnlyMode","type":"property","value":{"type":"boolean","value":true},"loc":{"start":{"line":23,"column":2},"end":{"line":23,"column":24}}},{"name":"showLoadingSpinner","type":"property","value":{"type":"boolean","value":false},"loc":{"start":{"line":24,"column":2},"end":{"line":24,"column":29}}},{"name":"showRecordModal","type":"property","value":{"type":"boolean","value":false},"loc":{"start":{"line":25,"column":2},"end":{"line":25,"column":26}}},{"name":"showDeleteModal","type":"property","value":{"type":"boolean","value":false},"loc":{"start":{"line":26,"column":2},"end":{"line":26,"column":26}}},{"name":"isNewOrganizationRecord","type":"property","value":{"type":"boolean","value":false},"loc":{"start":{"line":27,"column":2},"end":{"line":27,"column":34}}},{"name":"showSetupOwnerLookup","type":"property","value":{"type":"boolean","value":false},"loc":{"start":{"line":28,"column":2},"end":{"line":28,"column":31}}},{"name":"showSetupOwnerDropdown","type":"property","value":{"type":"boolean","value":false},"loc":{"start":{"line":29,"column":2},"end":{"line":29,"column":33}}},{"name":"setupOwnerSearchTerm","type":"property","loc":{"start":{"line":30,"column":2},"end":{"line":30,"column":23}}},{"name":"setupOwnerSearchResults","type":"property","loc":{"start":{"line":31,"column":2},"end":{"line":31,"column":26}}},{"name":"showDropdown","type":"property","value":{"type":"boolean","value":false},"loc":{"start":{"line":32,"column":2},"end":{"line":32,"column":23}}},{"name":"showPill","type":"property","value":{"type":"boolean","value":false},"loc":{"start":{"line":33,"column":2},"end":{"line":33,"column":19}}},{"name":"canUserModifyLoggerSettings","type":"property","loc":{"start":{"line":36,"column":2},"end":{"line":36,"column":30}}},{"name":"loggerSettingsPicklistOptions","type":"property","loc":{"start":{"line":37,"column":2},"end":{"line":37,"column":32}}},{"name":"records","type":"property","loc":{"start":{"line":41,"column":2},"end":{"line":41,"column":10}}},{"name":"selectedSetupOwner","type":"property","loc":{"start":{"line":42,"column":2},"end":{"line":42,"column":21}}},{"name":"connectedCallback","type":"method","loc":{"start":{"line":45,"column":2},"end":{"line":59,"column":3}}},{"name":"loadSettingsRecords","type":"method","loc":{"start":{"line":61,"column":2},"end":{"line":83,"column":3}}},{"name":"handleRowAction","type":"method","loc":{"start":{"line":85,"column":2},"end":{"line":100,"column":3}}},{"name":"handleSetupOwnerTypeFieldChange","type":"method","loc":{"start":{"line":102,"column":2},"end":{"line":106,"column":3}}},{"name":"handleFieldChange","type":"method","loc":{"start":{"line":108,"column":2},"end":{"line":115,"column":3}}},{"name":"handleRecordSearch","type":"method","loc":{"start":{"line":117,"column":2},"end":{"line":131,"column":3}}},{"name":"handleRecordSearchBlur","type":"method","loc":{"start":{"line":133,"column":2},"end":{"line":135,"column":3}}},{"name":"handleSearchResultSelection","type":"method","loc":{"start":{"line":137,"column":2},"end":{"line":149,"column":3}}},{"name":"handleRemoveSetupOwner","type":"method","loc":{"start":{"line":151,"column":2},"end":{"line":155,"column":3}}},{"name":"handleKeyDown","type":"method","loc":{"start":{"line":157,"column":2},"end":{"line":164,"column":3}}},{"name":"closeRecordModal","type":"method","loc":{"start":{"line":166,"column":2},"end":{"line":168,"column":3}}},{"name":"closeDeleteModal","type":"method","loc":{"start":{"line":170,"column":2},"end":{"line":172,"column":3}}},{"name":"isExistingRecord","type":"property","loc":{"start":{"line":174,"column":2},"end":{"line":180,"column":3}}},{"name":"layoutData","type":"property","loc":{"start":{"line":185,"column":2},"end":{"line":187,"column":3}}},{"name":"createdByIdField","type":"property","loc":{"start":{"line":189,"column":2},"end":{"line":191,"column":3}}},{"name":"createdDateField","type":"property","loc":{"start":{"line":193,"column":2},"end":{"line":195,"column":3}}},{"name":"lastModifiedByIdField","type":"property","loc":{"start":{"line":197,"column":2},"end":{"line":199,"column":3}}},{"name":"lastModifiedDateField","type":"property","loc":{"start":{"line":201,"column":2},"end":{"line":203,"column":3}}},{"name":"setupOwnerNameField","type":"property","loc":{"start":{"line":205,"column":2},"end":{"line":207,"column":3}}},{"name":"setupOwnerTypeField","type":"property","loc":{"start":{"line":209,"column":2},"end":{"line":211,"column":3}}},{"name":"createNewRecord","type":"method","loc":{"start":{"line":213,"column":2},"end":{"line":225,"column":3}}},{"name":"viewCurrentRecord","type":"method","loc":{"start":{"line":227,"column":2},"end":{"line":231,"column":3}}},{"name":"editCurrentRecord","type":"method","loc":{"start":{"line":233,"column":2},"end":{"line":237,"column":3}}},{"name":"saveCurrentRecord","type":"method","loc":{"start":{"line":239,"column":2},"end":{"line":266,"column":3}}},{"name":"deleteCurrentRecord","type":"method","loc":{"start":{"line":268,"column":2},"end":{"line":271,"column":3}}},{"name":"confirmDeleteCurrentRecord","type":"method","loc":{"start":{"line":273,"column":2},"end":{"line":288,"column":3}}}],"declarationLoc":{"start":{"line":19,"column":0},"end":{"line":432,"column":1}},"doc":"","exports":[{"type":"ExportDefaultDeclaration"}]},"updatedAt":"2024-12-23T12:49:29.172Z"},{"_allAttributes":null,"_properties":null,"_methods":null,"file":"e:/PlaygroundOrg_1.2/force-app/main/default/lwc/logOrganizationLimits/logOrganizationLimits.js","metadata":{"decorators":[{"type":"api","targets":[{"name":"recordId","type":"property","value":{"type":"unresolved"}}]},{"type":"wire","targets":[{"type":"method","name":"wiredGetLog","static":{"fields":{"type":"array","value":[null]}},"params":{"recordId":"recordId"},"adapter":{"name":"getRecord","reference":"lightning/uiRecordApi"}}]}],"classMembers":[{"name":"recordId","type":"property","value":{"type":"unresolved"},"decorator":"api","loc":{"start":{"line":6,"column":2},"end":{"line":7,"column":11}}},{"name":"isLoaded","type":"property","value":{"type":"boolean","value":false},"loc":{"start":{"line":9,"column":2},"end":{"line":9,"column":19}}},{"name":"isValidOrganizationLimitsJson","type":"property","loc":{"start":{"line":10,"column":2},"end":{"line":10,"column":32}}},{"name":"organizationLimitsLeft","type":"property","loc":{"start":{"line":11,"column":2},"end":{"line":11,"column":30}}},{"name":"organizationLimitsRight","type":"property","loc":{"start":{"line":12,"column":2},"end":{"line":12,"column":31}}},{"name":"wiredGetLog","type":"method","decorator":"wire","loc":{"start":{"line":14,"column":2},"end":{"line":23,"column":3}}}],"declarationLoc":{"start":{"line":5,"column":0},"end":{"line":66,"column":1}},"doc":"","exports":[{"type":"ExportDefaultDeclaration"}]},"updatedAt":"2024-12-23T12:49:29.342Z"},{"_allAttributes":null,"_properties":null,"_methods":null,"file":"e:/PlaygroundOrg_1.2/force-app/main/default/lwc/logViewer/logViewer.js","metadata":{"decorators":[{"type":"api","targets":[{"name":"logId","type":"property","value":{"type":"unresolved"}},{"name":"recordId","type":"property","value":{"type":"unresolved"}},{"name":"title","type":"property"}]},{"type":"wire","targets":[{"type":"method","name":"wiredGetLog","static":{},"params":{"logId":"recordId"},"adapter":{"name":"getLog","reference":"@salesforce/apex/LogViewerController.getLog"}}]}],"classMembers":[{"name":"logId","type":"property","value":{"type":"unresolved"},"decorator":"api","loc":{"start":{"line":12,"column":2},"end":{"line":13,"column":8}}},{"name":"recordId","type":"property","value":{"type":"unresolved"},"decorator":"api","loc":{"start":{"line":15,"column":2},"end":{"line":16,"column":11}}},{"name":"isLoaded","type":"property","value":{"type":"boolean","value":false},"loc":{"start":{"line":18,"column":2},"end":{"line":18,"column":19}}},{"name":"logEntriesRelationshipName","type":"property","value":{"type":"string","value":""},"loc":{"start":{"line":19,"column":2},"end":{"line":19,"column":34}}},{"name":"log","type":"property","value":{"type":"object","value":{}},"loc":{"start":{"line":20,"column":2},"end":{"line":20,"column":11}}},{"name":"currentMode","type":"property","value":{"type":"object","value":{}},"loc":{"start":{"line":21,"column":2},"end":{"line":21,"column":19}}},{"name":"dataCopied","type":"property","value":{"type":"boolean","value":false},"loc":{"start":{"line":22,"column":2},"end":{"line":22,"column":21}}},{"name":"wiredGetLog","type":"method","decorator":"wire","loc":{"start":{"line":27,"column":2},"end":{"line":38,"column":3}}},{"name":"title","type":"property","decorator":"api","loc":{"start":{"line":40,"column":2},"end":{"line":43,"column":3}}},{"name":"variant","type":"property","loc":{"start":{"line":45,"column":2},"end":{"line":47,"column":3}}},{"name":"downloadButtonLabel","type":"property","loc":{"start":{"line":49,"column":2},"end":{"line":51,"column":3}}},{"name":"handleTabActivated","type":"method","loc":{"start":{"line":53,"column":2},"end":{"line":70,"column":3}}},{"name":"copyToClipboard","type":"method","loc":{"start":{"line":72,"column":2},"end":{"line":96,"column":3}}},{"name":"downloadFile","type":"method","loc":{"start":{"line":98,"column":2},"end":{"line":107,"column":3}}}],"declarationLoc":{"start":{"line":9,"column":0},"end":{"line":142,"column":1}},"doc":"","exports":[{"type":"ExportDefaultDeclaration"}]},"updatedAt":"2024-12-23T12:49:29.512Z"},{"_allAttributes":null,"_properties":null,"_methods":null,"file":"e:/PlaygroundOrg_1.2/force-app/main/default/lwc/relatedLogEntries/relatedLogEntries.js","metadata":{"decorators":[{"type":"api","targets":[{"name":"recordId","type":"property","value":{"type":"unresolved"}},{"name":"fieldSetName","type":"property","value":{"type":"unresolved"}},{"name":"sortBy","type":"property","value":{"type":"string","value":""}},{"name":"sortDirection","type":"property","value":{"type":"string","value":""}},{"name":"rowLimit","type":"property","value":{"type":"unresolved"}},{"name":"search","type":"property","value":{"type":"string","value":""}},{"name":"queryResult","type":"property","value":{"type":"unresolved"}},{"type":"method","name":"handleSort"},{"type":"method","name":"handleSearchChange"}]},{"type":"wire","targets":[{"type":"method","name":"wiredLogEntries","static":{},"params":{"recordId":"recordId","fieldSetName":"fieldSetName","rowLimit":"rowLimit","sortByFieldName":"sortBy","sortDirection":"sortDirection","search":"search"},"adapter":{"name":"getQueryResult","reference":"@salesforce/apex/RelatedLogEntriesController.getQueryResult"}}]},{"type":"track","targets":[{"name":"showComponent","type":"property"},{"name":"title","type":"property"},{"name":"wiredResult","type":"property"},{"name":"isLoading","type":"property"}]}],"classMembers":[{"name":"recordId","type":"property","value":{"type":"unresolved"},"decorator":"api","loc":{"start":{"line":7,"column":2},"end":{"line":7,"column":16}}},{"name":"fieldSetName","type":"property","value":{"type":"unresolved"},"decorator":"api","loc":{"start":{"line":8,"column":2},"end":{"line":8,"column":20}}},{"name":"sortBy","type":"property","value":{"type":"string","value":""},"decorator":"api","loc":{"start":{"line":9,"column":2},"end":{"line":9,"column":19}}},{"name":"sortDirection","type":"property","value":{"type":"string","value":""},"decorator":"api","loc":{"start":{"line":10,"column":2},"end":{"line":10,"column":26}}},{"name":"rowLimit","type":"property","value":{"type":"unresolved"},"decorator":"api","loc":{"start":{"line":11,"column":2},"end":{"line":11,"column":16}}},{"name":"search","type":"property","value":{"type":"string","value":""},"decorator":"api","loc":{"start":{"line":12,"column":2},"end":{"line":12,"column":19}}},{"name":"queryResult","type":"property","value":{"type":"unresolved"},"decorator":"api","loc":{"start":{"line":13,"column":2},"end":{"line":13,"column":19}}},{"name":"showComponent","type":"property","value":{"type":"boolean","value":false},"decorator":"track","loc":{"start":{"line":15,"column":2},"end":{"line":15,"column":31}}},{"name":"title","type":"property","decorator":"track","loc":{"start":{"line":16,"column":2},"end":{"line":16,"column":15}}},{"name":"wiredResult","type":"property","decorator":"track","loc":{"start":{"line":17,"column":2},"end":{"line":17,"column":21}}},{"name":"isLoading","type":"property","value":{"type":"boolean","value":true},"decorator":"track","loc":{"start":{"line":18,"column":2},"end":{"line":18,"column":26}}},{"name":"handleSort","type":"method","decorator":"api","loc":{"start":{"line":20,"column":2},"end":{"line":24,"column":3}}},{"name":"handleSearchChange","type":"method","decorator":"api","loc":{"start":{"line":26,"column":2},"end":{"line":30,"column":3}}},{"name":"wiredLogEntries","type":"method","decorator":"wire","loc":{"start":{"line":32,"column":2},"end":{"line":54,"column":3}}},{"name":"refresh","type":"method","loc":{"start":{"line":56,"column":2},"end":{"line":60,"column":3}}},{"name":"processResult","type":"method","loc":{"start":{"line":63,"column":2},"end":{"line":140,"column":3}}}],"declarationLoc":{"start":{"line":5,"column":0},"end":{"line":141,"column":1}},"doc":"","exports":[{"type":"ExportDefaultDeclaration"}]},"updatedAt":"2024-12-23T12:49:29.612Z"}]